Workbook

Sheet columnnames
A1: filename | B1: year | C1: col1 | D1: col2 | E1: col3 | F1: col4 | G1: col5 | H1: col6 | I1: col7 | J1: col8 | K1: col9 | L1: col10 | M1: col11 | N1: col12 | O1: col13
A2: Divvy_Stations_2013.csv | B2: 2013 | C2: id | D2: name | E2: latitude | F2: longitude | G2: dpcapacity | H2: landmark | I2: online date
A3: Divvy_Trips_2013.csv | B3: 2013 | C3: trip_id | D3: starttime | E3: stoptime | F3: bikeid | G3: tripduration | H3: from_station_id | I3: from_station_name | J3: to_station_id | K3: to_station_name | L3: usertype | M3: gender | N3: birthday
A4: Divvy_Stations_2014-Q3Q4.csv | B4: 2014 | C4: id | D4: name | E4: latitude | F4: longitude | G4: dpcapacity | H4: dateCreated
A5: Divvy_Trips_2014_Q1Q2.csv | B5: 2014 | C5: trip_id | D5: starttime | E5: stoptime | F5: bikeid | G5: tripduration | H5: from_station_id | I5: from_station_name | J5: to_station_id | K5: to_station_name | L5: usertype | M5: gender | N5: birthyear
A6: Divvy_Trips_2014-Q3-07.csv | B6: 2014 | C6: trip_id | D6: starttime | E6: stoptime | F6: bikeid | G6: tripduration | H6: from_station_id | I6: from_station_name | J6: to_station_id | K6: to_station_name | L6: usertype | M6: gender | N6: birthyear
A7: Divvy_Trips_2014-Q3-0809.csv | B7: 2014 | C7: trip_id | D7: starttime | E7: stoptime | F7: bikeid | G7: tripduration | H7: from_station_id | I7: from_station_name | J7: to_station_id | K7: to_station_name | L7: usertype | M7: gender | N7: birthyear
A8: Divvy_Trips_2014-Q4.csv | B8: 2014 | C8: trip_id | D8: starttime | E8: stoptime | F8: bikeid | G8: tripduration | H8: from_station_id | I8: from_station_name | J8: to_station_id | K8: to_station_name | L8: usertype | M8: gender | N8: birthyear
A9: Divvy_Stations_2015.csv | B9: 2015 | C9: id | D9: name | E9: latitude | F9: longitude | G9: dpcapacity | H9: landmark
A10: Divvy_Trips_2015_07.csv | B10: 2015 | C10: trip_id | D10: starttime | E10: stoptime | F10: bikeid | G10: tripduration | H10: from_station_id | I10: from_station_name | J10: to_station_id | K10: to_station_name | L10: usertype | M10: gender | N10: birthyear
A11: Divvy_Trips_2015_08.csv | B11: 2015 | C11: trip_id | D11: starttime | E11: stoptime | F11: bikeid | G11: tripduration | H11: from_station_id | I11: from_station_name | J11: to_station_id | K11: to_station_name | L11: usertype | M11: gender | N11: birthyear
A12: Divvy_Trips_2015_09.csv | B12: 2015 | C12: trip_id | D12: starttime | E12: stoptime | F12: bikeid | G12: tripduration | H12: from_station_id | I12: from_station_name | J12: to_station_id | K12: to_station_name | L12: usertype | M12: gender | N12: birthyear
A13: Divvy_Trips_2015_Q4.csv | B13: 2015 | C13: trip_id | D13: starttime | E13: stoptime | F13: bikeid | G13: tripduration | H13: from_station_id | I13: from_station_name | J13: to_station_id | K13: to_station_name | L13: usertype | M13: gender | N13: birthyear
A14: Divvy_Trips_2015-Q1.csv | B14: 2015 | C14: trip_id | D14: starttime | E14: stoptime | F14: bikeid | G14: tripduration | H14: from_station_id | I14: from_station_name | J14: to_station_id | K14: to_station_name | L14: usertype | M14: gender | N14: birthyear
A15: Divvy_Trips_2015-Q2.csv | B15: 2015 | C15: trip_id | D15: starttime | E15: stoptime | F15: bikeid | G15: tripduration | H15: from_station_id | I15: from_station_name | J15: to_station_id | K15: to_station_name | L15: usertype | M15: gender | N15: birthyear
A16: Divvy_Stations_2016_Q1Q2.csv | B16: 2016 | C16: id | D16: name | E16: latitude | F16: longitude | G16: dpcapacity | H16: online_date
A17: Divvy_Stations_2016_Q3.csv | B17: 2016 | C17: id | D17: name | E17: latitude | F17: longitude | G17: dpcapacity | H17: online_date
A18: Divvy_Stations_2016_Q4.csv | B18: 2016 | C18: id | D18: name | E18: latitude | F18: longitude | G18: dpcapacity | H18: online_date
A19: Divvy_Trips_2016_04.csv | B19: 2016 | C19: trip_id | D19: starttime | E19: stoptime | F19: bikeid | G19: tripduration | H19: from_station_id | I19: from_station_name | J19: to_station_id | K19: to_station_name | L19: usertype | M19: gender | N19: birthyear
A20: Divvy_Trips_2016_05.csv | B20: 2016 | C20: trip_id | D20: starttime | E20: stoptime | F20: bikeid | G20: tripduration | H20: from_station_id | I20: from_station_name | J20: to_station_id | K20: to_station_name | L20: usertype | M20: gender | N20: birthyear
A21: Divvy_Trips_2016_06.csv | B21: 2016 | C21: trip_id | D21: starttime | E21: stoptime | F21: bikeid | G21: tripduration | H21: from_station_id | I21: from_station_name | J21: to_station_id | K21: to_station_name | L21: usertype | M21: gender | N21: birthyear
A22: Divvy_Trips_2016_Q1.csv | B22: 2016 | C22: trip_id | D22: starttime | E22: stoptime | F22: bikeid | G22: tripduration | H22: from_station_id | I22: from_station_name | J22: to_station_id | K22: to_station_name | L22: usertype | M22: gender | N22: birthyear
A23: Divvy_Trips_2016_Q3.csv | B23: 2016 | C23: trip_id | D23: starttime | E23: stoptime | F23: bikeid | G23: tripduration | H23: from_station_id | I23: from_station_name | J23: to_station_id | K23: to_station_name | L23: usertype | M23: gender | N23: birthyear
A24: Divvy_Trips_2016_Q4.csv | B24: 2016 | C24: trip_id | D24: starttime | E24: stoptime | F24: bikeid | G24: tripduration | H24: from_station_id | I24: from_station_name | J24: to_station_id | K24: to_station_name | L24: usertype | M24: gender | N24: birthyear
A25: Divvy_Stations_2017_Q1Q2.csv | B25: 2017 | C25: id | D25: name | E25: city | F25: latitude | G25: longitude | H25: dpcapacity | I25: online_date
A26: Divvy_Stations_2017_Q3Q4.csv | B26: 2017 | C26: id | D26: name | E26: city | F26: latitude | G26: longitude | H26: dpcapacity | I26: online_date | J26: Unnamed: 7
A27: Divvy_Trips_2017_Q1.csv | B27: 2017 | C27: trip_id | D27: start_time | E27: end_time | F27: bikeid | G27: tripduration | H27: from_station_id | I27: from_station_name | J27: to_station_id | K27: to_station_name | L27: usertype | M27: gender | N27: birthyear
A28: Divvy_Trips_2017_Q2.csv | B28: 2017 | C28: trip_id | D28: start_time | E28: end_time | F28: bikeid | G28: tripduration | H28: from_station_id | I28: from_station_name | J28: to_station_id | K28: to_station_name | L28: usertype | M28: gender | N28: birthyear
A29: Divvy_Trips_2017_Q3.csv | B29: 2017 | C29: trip_id | D29: start_time | E29: end_time | F29: bikeid | G29: tripduration | H29: from_station_id | I29: from_station_name | J29: to_station_id | K29: to_station_name | L29: usertype | M29: gender | N29: birthyear
A30: Divvy_Trips_2017_Q4.csv | B30: 2017 | C30: trip_id | D30: start_time | E30: end_time | F30: bikeid | G30: tripduration | H30: from_station_id | I30: from_station_name | J30: to_station_id | K30: to_station_name | L30: usertype | M30: gender | N30: birthyear
A31: Divvy_Trips_2018_Q1.csv | B31: 2018 | C31: 01 - Rental Details Rental ID | D31: 01 - Rental Details Local Start Time | E31: 01 - Rental Details Local End Time | F31: 01 - Rental Details Bike ID | G31: 01 - Rental Details Duration In Seconds Uncapped | H31: 03 - Rental Start Station ID | I31: 03 - Rental Start Station Name | J31: 02 - Rental End Station ID | K31: 02 - Rental End Station Name | L31: User Type | M31: Member Gender | N31: 05 - Member Details Member Birthday Year
A32: Divvy_Trips_2018_Q2.csv | B32: 2018 | C32: trip_id | D32: start_time | E32: end_time | F32: bikeid | G32: tripduration | H32: from_station_id | I32: from_station_name | J32: to_station_id | K32: to_station_name | L32: usertype | M32: gender | N32: birthyear
A33: Divvy_Trips_2018_Q3.csv | B33: 2018 | C33: trip_id | D33: start_time | E33: end_time | F33: bikeid | G33: tripduration | H33: from_station_id | I33: from_station_name | J33: to_station_id | K33: to_station_name | L33: usertype | M33: gender | N33: birthyear
A34: Divvy_Trips_2018_Q4.csv | B34: 2018 | C34: trip_id | D34: start_time | E34: end_time | F34: bikeid | G34: tripduration | H34: from_station_id | I34: from_station_name | J34: to_station_id | K34: to_station_name | L34: usertype | M34: gender | N34: birthyear
A35: Divvy_Trips_2019_Q1.csv | B35: 2019 | C35: trip_id | D35: start_time | E35: end_time | F35: bikeid | G35: tripduration | H35: from_station_id | I35: from_station_name | J35: to_station_id | K35: to_station_name | L35: usertype | M35: gender | N35: birthyear
A36: Divvy_Trips_2019_Q2.csv | B36: 2019 | C36: 01 - Rental Details Rental ID | D36: 01 - Rental Details Local Start Time | E36: 01 - Rental Details Local End Time | F36: 01 - Rental Details Bike ID | G36: 01 - Rental Details Duration In Seconds Uncapped | H36: 03 - Rental Start Station ID | I36: 03 - Rental Start Station Name | J36: 02 - Rental End Station ID | K36: 02 - Rental End Station Name | L36: User Type | M36: Member Gender | N36: 05 - Member Details Member Birthday Year
A37: Divvy_Trips_2019_Q3.csv | B37: 2019 | C37: trip_id | D37: start_time | E37: end_time | F37: bikeid | G37: tripduration | H37: from_station_id | I37: from_station_name | J37: to_station_id | K37: to_station_name | L37: usertype | M37: gender | N37: birthyear
A38: Divvy_Trips_2019_Q4.csv | B38: 2019 | C38: trip_id | D38: start_time | E38: end_time | F38: bikeid | G38: tripduration | H38: from_station_id | I38: from_station_name | J38: to_station_id | K38: to_station_name | L38: usertype | M38: gender | N38: birthyear
A39: 202004-divvy-tripdata.csv | B39: =LEFT(A39, 4) -> 2020 | C39: ride_id | D39: rideable_type | E39: started_at | F39: ended_at | G39: start_station_name | H39: start_station_id | I39: end_station_name | J39: end_station_id | K39: start_lat | L39: start_lng | M39: end_lat | N39: end_lng | O39: member_casual
A40: 202005-divvy-tripdata.csv | B40: =LEFT(A40, 4) -> 2020 | C40: ride_id | D40: rideable_type | E40: started_at | F40: ended_at | G40: start_station_name | H40: start_station_id | I40: end_station_name | J40: end_station_id | K40: start_lat | L40: start_lng | M40: end_lat | N40: end_lng | O40: member_casual
A41: 202006-divvy-tripdata.csv | B41: =LEFT(A41, 4) -> 2020 | C41: ride_id | D41: rideable_type | E41: started_at | F41: ended_at | G41: start_station_name | H41: start_station_id | I41: end_station_name | J41: end_station_id | K41: start_lat | L41: start_lng | M41: end_lat | N41: end_lng | O41: member_casual
A42: 202007-divvy-tripdata.csv | B42: =LEFT(A42, 4) -> 2020 | C42: ride_id | D42: rideable_type | E42: started_at | F42: ended_at | G42: start_station_name | H42: start_station_id | I42: end_station_name | J42: end_station_id | K42: start_lat | L42: start_lng | M42: end_lat | N42: end_lng | O42: member_casual
A43: 202008-divvy-tripdata.csv | B43: =LEFT(A43, 4) -> 2020 | C43: ride_id | D43: rideable_type | E43: started_at | F43: ended_at | G43: start_station_name | H43: start_station_id | I43: end_station_name | J43: end_station_id | K43: start_lat | L43: start_lng | M43: end_lat | N43: end_lng | O43: member_casual
A44: 202009-divvy-tripdata.csv | B44: =LEFT(A44, 4) -> 2020 | C44: ride_id | D44: rideable_type | E44: started_at | F44: ended_at | G44: start_station_name | H44: start_station_id | I44: end_station_name | J44: end_station_id | K44: start_lat | L44: start_lng | M44: end_lat | N44: end_lng | O44: member_casual
A45: 202010-divvy-tripdata.csv | B45: =LEFT(A45, 4) -> 2020 | C45: ride_id | D45: rideable_type | E45: started_at | F45: ended_at | G45: start_station_name | H45: start_station_id | I45: end_station_name | J45: end_station_id | K45: start_lat | L45: start_lng | M45: end_lat | N45: end_lng | O45: member_casual
A46: 202011-divvy-tripdata.csv | B46: =LEFT(A46, 4) -> 2020 | C46: ride_id | D46: rideable_type | E46: started_at | F46: ended_at | G46: start_station_name | H46: start_station_id | I46: end_station_name | J46: end_station_id | K46: start_lat | L46: start_lng | M46: end_lat | N46: end_lng | O46: member_casual
A47: 202012-divvy-tripdata.csv | B47: =LEFT(A47, 4) -> 2020 | C47: ride_id | D47: rideable_type | E47: started_at | F47: ended_at | G47: start_station_name | H47: start_station_id | I47: end_station_name | J47: end_station_id | K47: start_lat | L47: start_lng | M47: end_lat | N47: end_lng | O47: member_casual
A48: Divvy_Trips_2020_Q1.csv | B48: 2020 | C48: ride_id | D48: rideable_type | E48: started_at | F48: ended_at | G48: start_station_name | H48: start_station_id | I48: end_station_name | J48: end_station_id | K48: start_lat | L48: start_lng | M48: end_lat | N48: end_lng | O48: member_casual
A49: 202101-divvy-tripdata.csv | B49: =LEFT(A49, 4) -> 2021 | C49: ride_id | D49: rideable_type | E49: started_at | F49: ended_at | G49: start_station_name | H49: start_station_id | I49: end_station_name | J49: end_station_id | K49: start_lat | L49: start_lng | M49: end_lat | N49: end_lng | O49: member_casual
A50: 202102-divvy-tripdata.csv | B50: =LEFT(A50, 4) -> 2021 | C50: ride_id | D50: rideable_type | E50: started_at | F50: ended_at | G50: start_station_name | H50: start_station_id | I50: end_station_name | J50: end_station_id | K50: start_lat | L50: start_lng | M50: end_lat | N50: end_lng | O50: member_casual
A51: 202103-divvy-tripdata.csv | B51: =LEFT(A51, 4) -> 2021 | C51: ride_id | D51: rideable_type | E51: started_at | F51: ended_at | G51: start_station_name | H51: start_station_id | I51: end_station_name | J51: end_station_id | K51: start_lat | L51: start_lng | M51: end_lat | N51: end_lng | O51: member_casual
A52: 202104-divvy-tripdata.csv | B52: =LEFT(A52, 4) -> 2021 | C52: ride_id | D52: rideable_type | E52: started_at | F52: ended_at | G52: start_station_name | H52: start_station_id | I52: end_station_name | J52: end_station_id | K52: start_lat | L52: start_lng | M52: end_lat | N52: end_lng | O52: member_casual
A53: 202105-divvy-tripdata.csv | B53: =LEFT(A53, 4) -> 2021 | C53: ride_id | D53: rideable_type | E53: started_at | F53: ended_at | G53: start_station_name | H53: start_station_id | I53: end_station_name | J53: end_station_id | K53: start_lat | L53: start_lng | M53: end_lat | N53: end_lng | O53: member_casual
A54: 202106-divvy-tripdata.csv | B54: =LEFT(A54, 4) -> 2021 | C54: ride_id | D54: rideable_type | E54: started_at | F54: ended_at | G54: start_station_name | H54: start_station_id | I54: end_station_name | J54: end_station_id | K54: start_lat | L54: start_lng | M54: end_lat | N54: end_lng | O54: member_casual
A55: 202107-divvy-tripdata.csv | B55: =LEFT(A55, 4) -> 2021 | C55: ride_id | D55: rideable_type | E55: started_at | F55: ended_at | G55: start_station_name | H55: start_station_id | I55: end_station_name | J55: end_station_id | K55: start_lat | L55: start_lng | M55: end_lat | N55: end_lng | O55: member_casual
A56: 202108-divvy-tripdata.csv | B56: =LEFT(A56, 4) -> 2021 | C56: ride_id | D56: rideable_type | E56: started_at | F56: ended_at | G56: start_station_name | H56: start_station_id | I56: end_station_name | J56: end_station_id | K56: start_lat | L56: start_lng | M56: end_lat | N56: end_lng | O56: member_casual
A57: 202109-divvy-tripdata.csv | B57: =LEFT(A57, 4) -> 2021 | C57: ride_id | D57: rideable_type | E57: started_at | F57: ended_at | G57: start_station_name | H57: start_station_id | I57: end_station_name | J57: end_station_id | K57: start_lat | L57: start_lng | M57: end_lat | N57: end_lng | O57: member_casual
A58: 202110-divvy-tripdata.csv | B58: =LEFT(A58, 4) -> 2021 | C58: ride_id | D58: rideable_type | E58: started_at | F58: ended_at | G58: start_station_name | H58: start_station_id | I58: end_station_name | J58: end_station_id | K58: start_lat | L58: start_lng | M58: end_lat | N58: end_lng | O58: member_casual
A59: 202111-divvy-tripdata.csv | B59: =LEFT(A59, 4) -> 2021 | C59: ride_id | D59: rideable_type | E59: started_at | F59: ended_at | G59: start_station_name | H59: start_station_id | I59: end_station_name | J59: end_station_id | K59: start_lat | L59: start_lng | M59: end_lat | N59: end_lng | O59: member_casual
A60: 202112-divvy-tripdata.csv | B60: =LEFT(A60, 4) -> 2021 | C60: ride_id | D60: rideable_type | E60: started_at | F60: ended_at | G60: start_station_name | H60: start_station_id | I60: end_station_name | J60: end_station_id | K60: start_lat | L60: start_lng | M60: end_lat | N60: end_lng | O60: member_casual
... A113: 202605-divvy-tripdata.csv | B113: =LEFT(A113, 4) -> 2026 | C113: ride_id | D113: rideable_type | E113: started_at | F113: ended_at | G113: start_station_name | H113: start_station_id | I113: end_station_name | J113: end_station_id | K113: start_lat | L113: start_lng | M113: end_lat | N113: end_lng | O113: member_casual

Sheet compare
A1: filename | B1: year | C1: col1 | D1: col2 | E1: col3 | F1: col4 | G1: col5 | H1: col6 | I1: col7 | J1: col8 | K1: col9 | L1: col10 | M1: col11 | N1: col12 | O1: col13
A2: Divvy_Stations_2013.csv | B2: 2013 | C2: =columnnames!C2 & "(" & datasample!C2 & ")" -> id(13) | D2: =columnnames!D2 & "(" & datasample!D2 & ")" -> name(Wilton Ave & Diversey Pkwy) | E2: =columnnames!E2 & "(" & datasample!E2 & ")" -> latitude(41.93250008) | F2: =columnnames!F2 & "(" & datasample!F2 & ")" -> longitude(-87.65268082) | G2: =columnnames!G2 & "(" & datasample!G2 & ")" -> dpcapacity(19) | H2: =columnnames!H2 & "(" & datasample!H2 & ")" -> landmark(66) | I2: =columnnames!I2 & "(" & datasample!I2 & ")" -> online date(6/28/2013) | J2: =columnnames!J2 & "(" & datasample!J2 & ")" -> () | ... O2: =columnnames!O2 & "(" & datasample!O2 & ")" -> ()
A3: Divvy_Trips_2013.csv | B3: 2013 | C3: =columnnames!C3 & "(" & datasample!C3 & ")" -> trip_id(4275) | D3: =columnnames!D3 & "(" & datasample!D3 & ")" -> starttime(2013-06-27 14:44) | E3: =columnnames!E3 & "(" & datasample!E3 & ")" -> stoptime(2013-06-27 14:45) | F3: =columnnames!F3 & "(" & datasample!F3 & ")" -> bikeid(77) | G3: =columnnames!G3 & "(" & datasample!G3 & ")" -> tripduration(64) | H3: =columnnames!H3 & "(" & datasample!H3 & ")" -> from_station_id(32) | I3: =columnnames!I3 & "(" & datasample!I3 & ")" -> from_station_name(Racine Ave & Congress Pkwy) | J3: =columnnames!J3 & "(" & datasample!J3 & ")" -> to_station_id(32) | ... O3: =columnnames!O3 & "(" & datasample!O3 & ")" -> ()
A4: Divvy_Stations_2014-Q3Q4.csv | B4: 2014 | C4: =columnnames!C4 & "(" & datasample!C4 & ")" -> id(13) | D4: =columnnames!D4 & "(" & datasample!D4 & ")" -> name(Wilton Ave & Diversey Pkwy) | E4: =columnnames!E4 & "(" & datasample!E4 & ")" -> latitude(41.93250008) | F4: =columnnames!F4 & "(" & datasample!F4 & ")" -> longitude(-87.65268082) | G4: =columnnames!G4 & "(" & datasample!G4 & ")" -> dpcapacity(19) | H4: =columnnames!H4 & "(" & datasample!H4 & ")" -> dateCreated(6/22/2013 18:29) | I4: =columnnames!I4 & "(" & datasample!I4 & ")" -> () | J4: =columnnames!J4 & "(" & datasample!J4 & ")" -> () | ... O4: =columnnames!O4 & "(" & datasample!O4 & ")" -> ()
A5: Divvy_Trips_2014_Q1Q2.csv | B5: 2014 | C5: =columnnames!C5 & "(" & datasample!C5 & ")" -> trip_id(2355133) | D5: =columnnames!D5 & "(" & datasample!D5 & ")" -> starttime(6/30/2014 23:56) | E5: =columnnames!E5 & "(" & datasample!E5 & ")" -> stoptime(7/1/2014 0:00) | F5: =columnnames!F5 & "(" & datasample!F5 & ")" -> bikeid(2217) | G5: =columnnames!G5 & "(" & datasample!G5 & ")" -> tripduration(263) | H5: =columnnames!H5 & "(" & datasample!H5 & ")" -> from_station_id(282) | I5: =columnnames!I5 & "(" & datasample!I5 & ")" -> from_station_name(Halsted St & Maxwell St) | J5: =columnnames!J5 & "(" & datasample!J5 & ")" -> to_station_id(22) | ... O5: =columnnames!O5 & "(" & datasample!O5 & ")" -> ()
A6: Divvy_Trips_2014-Q3-07.csv | B6: 2014 | C6: =columnnames!C6 & "(" & datasample!C6 & ")" -> trip_id(2886258) | D6: =columnnames!D6 & "(" & datasample!D6 & ")" -> starttime(7/31/2014 23:58) | E6: =columnnames!E6 & "(" & datasample!E6 & ")" -> stoptime(8/1/2014 0:07) | F6: =columnnames!F6 & "(" & datasample!F6 & ")" -> bikeid(2403) | G6: =columnnames!G6 & "(" & datasample!G6 & ")" -> tripduration(495) | H6: =columnnames!H6 & "(" & datasample!H6 & ")" -> from_station_id(98) | I6: =columnnames!I6 & "(" & datasample!I6 & ")" -> from_station_name(LaSalle St & Washington St) | J6: =columnnames!J6 & "(" & datasample!J6 & ")" -> to_station_id(106) | ... O6: =columnnames!O6 & "(" & datasample!O6 & ")" -> ()
A7: Divvy_Trips_2014-Q3-0809.csv | B7: 2014 | C7: =columnnames!C7 & "(" & datasample!C7 & ")" -> trip_id(3810749) | D7: =columnnames!D7 & "(" & datasample!D7 & ")" -> starttime(9/30/2014 23:59) | E7: =columnnames!E7 & "(" & datasample!E7 & ")" -> stoptime(10/1/2014 0:01) | F7: =columnnames!F7 & "(" & datasample!F7 & ")" -> bikeid(989) | G7: =columnnames!G7 & "(" & datasample!G7 & ")" -> tripduration(142) | H7: =columnnames!H7 & "(" & datasample!H7 & ")" -> from_station_id(277) | I7: =columnnames!I7 & "(" & datasample!I7 & ")" -> from_station_name(Ashland Ave & Grand Ave) | J7: =columnnames!J7 & "(" & datasample!J7 & ")" -> to_station_id(285) | ... O7: =columnnames!O7 & "(" & datasample!O7 & ")" -> ()
A8: Divvy_Trips_2014-Q4.csv | B8: 2014 | C8: =columnnames!C8 & "(" & datasample!C8 & ")" -> trip_id(4413166) | D8: =columnnames!D8 & "(" & datasample!D8 & ")" -> starttime(12/31/2014 23:50) | E8: =columnnames!E8 & "(" & datasample!E8 & ")" -> stoptime(12/31/2014 23:52) | F8: =columnnames!F8 & "(" & datasample!F8 & ")" -> bikeid(1153) | G8: =columnnames!G8 & "(" & datasample!G8 & ")" -> tripduration(161) | H8: =columnnames!H8 & "(" & datasample!H8 & ")" -> from_station_id(264) | I8: =columnnames!I8 & "(" & datasample!I8 & ")" -> from_station_name(Stetson Ave & South Water St) | J8: =columnnames!J8 & "(" & datasample!J8 & ")" -> to_station_id(44) | ... O8: =columnnames!O8 & "(" & datasample!O8 & ")" -> ()
A9: Divvy_Stations_2015.csv | B9: 2015 | C9: =columnnames!C9 & "(" & datasample!C9 & ")" -> id(3) | D9: =columnnames!D9 & "(" & datasample!D9 & ")" -> name(Shedd Aquarium) | E9: =columnnames!E9 & "(" & datasample!E9 & ")" -> latitude(41.86722596) | F9: =columnnames!F9 & "(" & datasample!F9 & ")" -> longitude(-87.61535539) | G9: =columnnames!G9 & "(" & datasample!G9 & ")" -> dpcapacity(31) | H9: =columnnames!H9 & "(" & datasample!H9 & ")" -> landmark(544) | I9: =columnnames!I9 & "(" & datasample!I9 & ")" -> () | J9: =columnnames!J9 & "(" & datasample!J9 & ")" -> () | ... O9: =columnnames!O9 & "(" & datasample!O9 & ")" -> ()
A10: Divvy_Trips_2015_07.csv | B10: 2015 | C10: =columnnames!C10 & "(" & datasample!C10 & ")" -> trip_id(6611091) | D10: =columnnames!D10 & "(" & datasample!D10 & ")" -> starttime(7/31/2015 23:59) | E10: =columnnames!E10 & "(" & datasample!E10 & ")" -> stoptime(8/1/2015 0:22) | F10: =columnnames!F10 & "(" & datasample!F10 & ")" -> bikeid(3747) | G10: =columnnames!G10 & "(" & datasample!G10 & ")" -> tripduration(1378) | H10: =columnnames!H10 & "(" & datasample!H10 & ")" -> from_station_id(177) | I10: =columnnames!I10 & "(" & datasample!I10 & ")" -> from_station_name(Theater on the Lake) | J10: =columnnames!J10 & "(" & datasample!J10 & ")" -> to_station_id(312) | ... O10: =columnnames!O10 & "(" & datasample!O10 & ")" -> ()
A11: Divvy_Trips_2015_08.csv | B11: 2015 | C11: =columnnames!C11 & "(" & datasample!C11 & ")" -> trip_id(7221406) | D11: =columnnames!D11 & "(" & datasample!D11 & ")" -> starttime(8/31/2015 23:58) | E11: =columnnames!E11 & "(" & datasample!E11 & ")" -> stoptime(9/1/2015 0:26) | F11: =columnnames!F11 & "(" & datasample!F11 & ")" -> bikeid(431) | G11: =columnnames!G11 & "(" & datasample!G11 & ")" -> tripduration(1676) | H11: =columnnames!H11 & "(" & datasample!H11 & ")" -> from_station_id(511) | I11: =columnnames!I11 & "(" & datasample!I11 & ")" -> from_station_name(Albany Ave & Bloomingdale Ave) | J11: =columnnames!J11 & "(" & datasample!J11 & ")" -> to_station_id(58) | ... O11: =columnnames!O11 & "(" & datasample!O11 & ")" -> ()
A12: Divvy_Trips_2015_09.csv | B12: 2015 | C12: =columnnames!C12 & "(" & datasample!C12 & ")" -> trip_id(7745069) | D12: =columnnames!D12 & "(" & datasample!D12 & ")" -> starttime(9/30/2015 23:59) | E12: =columnnames!E12 & "(" & datasample!E12 & ")" -> stoptime(10/1/2015 0:07) | F12: =columnnames!F12 & "(" & datasample!F12 & ")" -> bikeid(1414) | G12: =columnnames!G12 & "(" & datasample!G12 & ")" -> tripduration(476) | H12: =columnnames!H12 & "(" & datasample!H12 & ")" -> from_station_id(229) | I12: =columnnames!I12 & "(" & datasample!I12 & ")" -> from_station_name(Southport Ave & Roscoe St) | J12: =columnnames!J12 & "(" & datasample!J12 & ")" -> to_station_id(165) | ... O12: =columnnames!O12 & "(" & datasample!O12 & ")" -> ()
A13: Divvy_Trips_2015_Q4.csv | B13: 2015 | C13: =columnnames!C13 & "(" & datasample!C13 & ")" -> trip_id(8547209) | D13: =columnnames!D13 & "(" & datasample!D13 & ")" -> starttime(12/31/2015 23:47) | E13: =columnnames!E13 & "(" & datasample!E13 & ")" -> stoptime(12/31/2015 23:53) | F13: =columnnames!F13 & "(" & datasample!F13 & ")" -> bikeid(3866) | G13: =columnnames!G13 & "(" & datasample!G13 & ")" -> tripduration(334) | H13: =columnnames!H13 & "(" & datasample!H13 & ")" -> from_station_id(299) | I13: =columnnames!I13 & "(" & datasample!I13 & ")" -> from_station_name(Halsted St & Roscoe St) | J13: =columnnames!J13 & "(" & datasample!J13 & ")" -> to_station_id(117) | ... O13: =columnnames!O13 & "(" & datasample!O13 & ")" -> ()
... A38: Divvy_Trips_2019_Q4.csv | B38: 2019 | C38: =columnnames!C38 & "(" & datasample!C38 & ")" -> trip_id(25223641) | D38: =columnnames!D38 & "(" & datasample!D38 & ")" -> start_time(2019-10-01 00:02:16) | E38: =columnnames!E38 & "(" & datasample!E38 & ")" -> end_time(2019-10-01 00:06:34) | F38: =columnnames!F38 & "(" & datasample!F38 & ")" -> bikeid(6328) | G38: =columnnames!G38 & "(" & datasample!G38 & ")" -> tripduration(258.0) | H38: =columnnames!H38 & "(" & datasample!H38 & ")" -> from_station_id(19) | I38: =columnnames!I38 & "(" & datasample!I38 & ")" -> from_station_name(Throop (Loomis) St & Taylor St) | J38: =columnnames!J38 & "(" & datasample!J38 & ")" -> to_station_id(241) | ... O38: =columnnames!O38 & "(" & datasample!O38 & ")" -> ()
A39: 202004-divvy-tripdata.csv | B39: =LEFT(A39, 4) -> 2020 | C39: =columnnames!C39 & "(" & datasample!C39 & ")" -> ride_id(5405B80E996FF60D) | D39: =columnnames!D39 & "(" & datasample!D39 & ")" -> rideable_type(docked_bike) | E39: =columnnames!E39 & "(" & datasample!E39 & ")" -> started_at(2020-04-17 17:08:54) | F39: =columnnames!F39 & "(" & datasample!F39 & ")" -> ended_at(2020-04-17 17:17:03) | G39: =columnnames!G39 & "(" & datasample!G39 & ")" -> start_station_name(Drake Ave & Fullerton Ave) | H39: =columnnames!H39 & "(" & datasample!H39 & ")" -> start_station_id(503) | I39: =columnnames!I39 & "(" & datasample!I39 & ")" -> end_station_name(Kosciuszko Park) | J39: =columnnames!J39 & "(" & datasample!J39 & ")" -> end_station_id(499) | ... O39: =columnnames!O39 & "(" & datasample!O39 & ")" -> member_casual(member)
A40: 202005-divvy-tripdata.csv | B40: =LEFT(A40, 4) -> 2020 | C40: =columnnames!C40 & "(" & datasample!C40 & ")" -> ride_id(7A50CCAF1EDDB28F) | D40: =columnnames!D40 & "(" & datasample!D40 & ")" -> rideable_type(docked_bike) | E40: =columnnames!E40 & "(" & datasample!E40 & ")" -> started_at(2020-05-25 10:47:11) | F40: =columnnames!F40 & "(" & datasample!F40 & ")" -> ended_at(2020-05-25 11:05:40) | G40: =columnnames!G40 & "(" & datasample!G40 & ")" -> start_station_name(Clark St & Wrightwood Ave) | H40: =columnnames!H40 & "(" & datasample!H40 & ")" -> start_station_id(340) | I40: =columnnames!I40 & "(" & datasample!I40 & ")" -> end_station_name(Clark St & Leland Ave) | J40: =columnnames!J40 & "(" & datasample!J40 & ")" -> end_station_id(326) | ... O40: =columnnames!O40 & "(" & datasample!O40 & ")" -> member_casual(casual)
A41: 202006-divvy-tripdata.csv | B41: =LEFT(A41, 4) -> 2020 | C41: =columnnames!C41 & "(" & datasample!C41 & ")" -> ride_id(9A191EB2C751D85D) | D41: =columnnames!D41 & "(" & datasample!D41 & ")" -> rideable_type(docked_bike) | E41: =columnnames!E41 & "(" & datasample!E41 & ")" -> started_at(2020-06-26 07:26:10) | F41: =columnnames!F41 & "(" & datasample!F41 & ")" -> ended_at(2020-06-26 07:31:58) | G41: =columnnames!G41 & "(" & datasample!G41 & ")" -> start_station_name(Federal St & Polk St) | H41: =columnnames!H41 & "(" & datasample!H41 & ")" -> start_station_id(41) | I41: =columnnames!I41 & "(" & datasample!I41 & ")" -> end_station_name(Daley Center Plaza) | J41: =columnnames!J41 & "(" & datasample!J41 & ")" -> end_station_id(81) | ... O41: =columnnames!O41 & "(" & datasample!O41 & ")" -> member_casual(member)
A42: 202007-divvy-tripdata.csv | B42: =LEFT(A42, 4) -> 2020 | C42: =columnnames!C42 & "(" & datasample!C42 & ")" -> ride_id(BEC9C9FBA0D4CF1B) | D42: =columnnames!D42 & "(" & datasample!D42 & ")" -> rideable_type(docked_bike) | E42: =columnnames!E42 & "(" & datasample!E42 & ")" -> started_at(2020-07-24 23:56:30) | F42: =columnnames!F42 & "(" & datasample!F42 & ")" -> ended_at(2020-07-25 00:20:17) | G42: =columnnames!G42 & "(" & datasample!G42 & ")" -> start_station_name(Halsted St & Roscoe St) | H42: =columnnames!H42 & "(" & datasample!H42 & ")" -> start_station_id(299) | I42: =columnnames!I42 & "(" & datasample!I42 & ")" -> end_station_name(Broadway & Ridge Ave) | J42: =columnnames!J42 & "(" & datasample!J42 & ")" -> end_station_id(461) | ... O42: =columnnames!O42 & "(" & datasample!O42 & ")" -> member_casual(member)
A43: 202008-divvy-tripdata.csv | B43: =LEFT(A43, 4) -> 2020 | C43: =columnnames!C43 & "(" & datasample!C43 & ")" -> ride_id(2A3AEF1AB9054D8B) | D43: =columnnames!D43 & "(" & datasample!D43 & ")" -> rideable_type(electric_bike) | E43: =columnnames!E43 & "(" & datasample!E43 & ")" -> started_at(2020-08-27 18:46:04) | F43: =columnnames!F43 & "(" & datasample!F43 & ")" -> ended_at(2020-08-27 19:54:51) | G43: =columnnames!G43 & "(" & datasample!G43 & ")" -> start_station_name(Michigan Ave & 14th St) | H43: =columnnames!H43 & "(" & datasample!H43 & ")" -> start_station_id(168) | I43: =columnnames!I43 & "(" & datasample!I43 & ")" -> end_station_name(Michigan Ave & 14th St) | J43: =columnnames!J43 & "(" & datasample!J43 & ")" -> end_station_id(168) | ... O43: =columnnames!O43 & "(" & datasample!O43 & ")" -> member_casual(casual)
A44: 202009-divvy-tripdata.csv | B44: =LEFT(A44, 4) -> 2020 | C44: =columnnames!C44 & "(" & datasample!C44 & ")" -> ride_id(A7FB70B4AFC6CAF2) | D44: =columnnames!D44 & "(" & datasample!D44 & ")" -> rideable_type(electric_bike) | E44: =columnnames!E44 & "(" & datasample!E44 & ")" -> started_at(2020-09-17 15:07:31) | F44: =columnnames!F44 & "(" & datasample!F44 & ")" -> ended_at(2020-09-17 15:07:45) | G44: =columnnames!G44 & "(" & datasample!G44 & ")" -> start_station_name(W Oakdale Ave & N Broadway) | H44: =columnnames!H44 & "(" & datasample!H44 & ")" -> start_station_id() | I44: =columnnames!I44 & "(" & datasample!I44 & ")" -> end_station_name(W Oakdale Ave & N Broadway) | J44: =columnnames!J44 & "(" & datasample!J44 & ")" -> end_station_id() | ... O44: =columnnames!O44 & "(" & datasample!O44 & ")" -> member_casual(casual)
A45: 202010-divvy-tripdata.csv | B45: =LEFT(A45, 4) -> 2020 | C45: =columnnames!C45 & "(" & datasample!C45 & ")" -> ride_id(DF450C72FD109C01) | D45: =columnnames!D45 & "(" & datasample!D45 & ")" -> rideable_type(electric_bike) | E45: =columnnames!E45 & "(" & datasample!E45 & ")" -> started_at(2020-10-31 23:50:08) | F45: =columnnames!F45 & "(" & datasample!F45 & ")" -> ended_at(2020-11-01 00:04:16) | G45: =columnnames!G45 & "(" & datasample!G45 & ")" -> start_station_name(Southport Ave & Waveland Ave) | H45: =columnnames!H45 & "(" & datasample!H45 & ")" -> start_station_id(227) | I45: =columnnames!I45 & "(" & datasample!I45 & ")" -> end_station_name(Kedzie Ave & Milwaukee Ave) | J45: =columnnames!J45 & "(" & datasample!J45 & ")" -> end_station_id(260) | ... O45: =columnnames!O45 & "(" & datasample!O45 & ")" -> member_casual(casual)
A46: 202011-divvy-tripdata.csv | B46: =LEFT(A46, 4) -> 2020 | C46: =columnnames!C46 & "(" & datasample!C46 & ")" -> ride_id(96A7A7A4BDE4F82D) | D46: =columnnames!D46 & "(" & datasample!D46 & ")" -> rideable_type(electric_bike) | E46: =columnnames!E46 & "(" & datasample!E46 & ")" -> started_at(2020-11-01 10:03:26) | F46: =columnnames!F46 & "(" & datasample!F46 & ")" -> ended_at(2020-11-01 10:14:45) | G46: =columnnames!G46 & "(" & datasample!G46 & ")" -> start_station_name(Franklin St & Illinois St) | H46: =columnnames!H46 & "(" & datasample!H46 & ")" -> start_station_id(672) | I46: =columnnames!I46 & "(" & datasample!I46 & ")" -> end_station_name(Noble St & Milwaukee Ave) | J46: =columnnames!J46 & "(" & datasample!J46 & ")" -> end_station_id(29) | ... O46: =columnnames!O46 & "(" & datasample!O46 & ")" -> member_casual(casual)
A47: 202012-divvy-tripdata.csv | B47: =LEFT(A47, 4) -> 2020 | C47: =columnnames!C47 & "(" & datasample!C47 & ")" -> ride_id(158A465D4E74C54A) | D47: =columnnames!D47 & "(" & datasample!D47 & ")" -> rideable_type(electric_bike) | E47: =columnnames!E47 & "(" & datasample!E47 & ")" -> started_at(2020-12-18 17:37:15) | F47: =columnnames!F47 & "(" & datasample!F47 & ")" -> ended_at(2020-12-18 17:44:19) | G47: =columnnames!G47 & "(" & datasample!G47 & ")" -> start_station_name() | H47: =columnnames!H47 & "(" & datasample!H47 & ")" -> start_station_id() | I47: =columnnames!I47 & "(" & datasample!I47 & ")" -> end_station_name() | J47: =columnnames!J47 & "(" & datasample!J47 & ")" -> end_station_id() | ... O47: =columnnames!O47 & "(" & datasample!O47 & ")" -> member_casual(member)
A48: Divvy_Trips_2020_Q1.csv | B48: 2020 | C48: =columnnames!C48 & "(" & datasample!C48 & ")" -> ride_id(8FED874C809DC021) | D48: =columnnames!D48 & "(" & datasample!D48 & ")" -> rideable_type(docked_bike) | E48: =columnnames!E48 & "(" & datasample!E48 & ")" -> started_at(2020-01-30 14:22:39) | F48: =columnnames!F48 & "(" & datasample!F48 & ")" -> ended_at(2020-01-30 14:26:22) | G48: =columnnames!G48 & "(" & datasample!G48 & ")" -> start_station_name(Clark St & Montrose Ave) | H48: =columnnames!H48 & "(" & datasample!H48 & ")" -> start_station_id(234) | I48: =columnnames!I48 & "(" & datasample!I48 & ")" -> end_station_name(Southport Ave & Irving Park Rd) | J48: =columnnames!J48 & "(" & datasample!J48 & ")" -> end_station_id(318) | ... O48: =columnnames!O48 & "(" & datasample!O48 & ")" -> member_casual(member)
A49: 202101-divvy-tripdata.csv | B49: =LEFT(A49, 4) -> 2021 | C49: =columnnames!C49 & "(" & datasample!C49 & ")" -> ride_id(DC88F20C2C55F27F) | D49: =columnnames!D49 & "(" & datasample!D49 & ")" -> rideable_type(electric_bike) | E49: =columnnames!E49 & "(" & datasample!E49 & ")" -> started_at(2021-01-27 18:43:08) | F49: =columnnames!F49 & "(" & datasample!F49 & ")" -> ended_at(2021-01-27 18:47:12) | G49: =columnnames!G49 & "(" & datasample!G49 & ")" -> start_station_name(California Ave & Cortez St) | H49: =columnnames!H49 & "(" & datasample!H49 & ")" -> start_station_id(17660) | I49: =columnnames!I49 & "(" & datasample!I49 & ")" -> end_station_name() | J49: =columnnames!J49 & "(" & datasample!J49 & ")" -> end_station_id() | ... O49: =columnnames!O49 & "(" & datasample!O49 & ")" -> member_casual(member)
A50: 202102-divvy-tripdata.csv | B50: =LEFT(A50, 4) -> 2021 | C50: =columnnames!C50 & "(" & datasample!C50 & ")" -> ride_id(0FEFDE2603568365) | D50: =columnnames!D50 & "(" & datasample!D50 & ")" -> rideable_type(classic_bike) | E50: =columnnames!E50 & "(" & datasample!E50 & ")" -> started_at(2021-02-14 17:52:38) | F50: =columnnames!F50 & "(" & datasample!F50 & ")" -> ended_at(2021-02-14 18:12:09) | G50: =columnnames!G50 & "(" & datasample!G50 & ")" -> start_station_name(Glenwood Ave & Touhy Ave) | H50: =columnnames!H50 & "(" & datasample!H50 & ")" -> start_station_id(525) | I50: =columnnames!I50 & "(" & datasample!I50 & ")" -> end_station_name(Bosworth Ave & Howard St) | J50: =columnnames!J50 & "(" & datasample!J50 & ")" -> end_station_id(16806) | ... O50: =columnnames!O50 & "(" & datasample!O50 & ")" -> member_casual(casual)
A51: 202103-divvy-tripdata.csv | B51: =LEFT(A51, 4) -> 2021 | C51: =columnnames!C51 & "(" & datasample!C51 & ")" -> ride_id(30D9DC61227D1AF3) | D51: =columnnames!D51 & "(" & datasample!D51 & ")" -> rideable_type(classic_bike) | E51: =columnnames!E51 & "(" & datasample!E51 & ")" -> started_at(2021-03-28 01:26:28) | F51: =columnnames!F51 & "(" & datasample!F51 & ")" -> ended_at(2021-03-28 01:36:55) | G51: =columnnames!G51 & "(" & datasample!G51 & ")" -> start_station_name(Humboldt Blvd & Armitage Ave) | H51: =columnnames!H51 & "(" & datasample!H51 & ")" -> start_station_id(15651) | I51: =columnnames!I51 & "(" & datasample!I51 & ")" -> end_station_name(Central Park Ave & Bloomingdale Ave) | J51: =columnnames!J51 & "(" & datasample!J51 & ")" -> end_station_id(18017) | ... O51: =columnnames!O51 & "(" & datasample!O51 & ")" -> member_casual(casual)
A52: 202104-divvy-tripdata.csv | B52: =LEFT(A52, 4) -> 2021 | C52: =columnnames!C52 & "(" & datasample!C52 & ")" -> ride_id(1E0145613A209000) | D52: =columnnames!D52 & "(" & datasample!D52 & ")" -> rideable_type(docked_bike) | E52: =columnnames!E52 & "(" & datasample!E52 & ")" -> started_at(2021-04-27 17:27:11) | F52: =columnnames!F52 & "(" & datasample!F52 & ")" -> ended_at(2021-04-27 18:31:29) | G52: =columnnames!G52 & "(" & datasample!G52 & ")" -> start_station_name(Dorchester Ave & 49th St) | H52: =columnnames!H52 & "(" & datasample!H52 & ")" -> start_station_id(KA1503000069) | I52: =columnnames!I52 & "(" & datasample!I52 & ")" -> end_station_name(Dorchester Ave & 49th St) | J52: =columnnames!J52 & "(" & datasample!J52 & ")" -> end_station_id(KA1503000069) | ... O52: =columnnames!O52 & "(" & datasample!O52 & ")" -> member_casual(casual)
A53: 202105-divvy-tripdata.csv | B53: =LEFT(A53, 4) -> 2021 | C53: =columnnames!C53 & "(" & datasample!C53 & ")" -> ride_id(DD59FDCE0ACACAF3) | D53: =columnnames!D53 & "(" & datasample!D53 & ")" -> rideable_type(electric_bike) | E53: =columnnames!E53 & "(" & datasample!E53 & ")" -> started_at(2021-05-30 11:29:14) | F53: =columnnames!F53 & "(" & datasample!F53 & ")" -> ended_at(2021-05-30 12:14:09) | G53: =columnnames!G53 & "(" & datasample!G53 & ")" -> start_station_name() | H53: =columnnames!H53 & "(" & datasample!H53 & ")" -> start_station_id() | I53: =columnnames!I53 & "(" & datasample!I53 & ")" -> end_station_name() | J53: =columnnames!J53 & "(" & datasample!J53 & ")" -> end_station_id() | ... O53: =columnnames!O53 & "(" & datasample!O53 & ")" -> member_casual(casual)
A54: 202106-divvy-tripdata.csv | B54: =LEFT(A54, 4) -> 2021 | C54: =columnnames!C54 & "(" & datasample!C54 & ")" -> ride_id(06048DCFC8520CAF) | D54: =columnnames!D54 & "(" & datasample!D54 & ")" -> rideable_type(electric_bike) | E54: =columnnames!E54 & "(" & datasample!E54 & ")" -> started_at(2021-06-04 11:18:02) | F54: =columnnames!F54 & "(" & datasample!F54 & ")" -> ended_at(2021-06-04 11:24:19) | G54: =columnnames!G54 & "(" & datasample!G54 & ")" -> start_station_name() | H54: =columnnames!H54 & "(" & datasample!H54 & ")" -> start_station_id() | I54: =columnnames!I54 & "(" & datasample!I54 & ")" -> end_station_name() | J54: =columnnames!J54 & "(" & datasample!J54 & ")" -> end_station_id() | ... O54: =columnnames!O54 & "(" & datasample!O54 & ")" -> member_casual(member)
A55: 202107-divvy-tripdata.csv | B55: =LEFT(A55, 4) -> 2021 | C55: =columnnames!C55 & "(" & datasample!C55 & ")" -> ride_id(B2D5583A5A5E76EE) | D55: =columnnames!D55 & "(" & datasample!D55 & ")" -> rideable_type(classic_bike) | E55: =columnnames!E55 & "(" & datasample!E55 & ")" -> started_at(2021-07-07 16:57:42) | F55: =columnnames!F55 & "(" & datasample!F55 & ")" -> ended_at(2021-07-07 17:16:09) | G55: =columnnames!G55 & "(" & datasample!G55 & ")" -> start_station_name(California Ave & Cortez St) | H55: =columnnames!H55 & "(" & datasample!H55 & ")" -> start_station_id(17660) | I55: =columnnames!I55 & "(" & datasample!I55 & ")" -> end_station_name(Wood St & Hubbard St) | J55: =columnnames!J55 & "(" & datasample!J55 & ")" -> end_station_id(13432) | ... O55: =columnnames!O55 & "(" & datasample!O55 & ")" -> member_casual(casual)
A56: 202108-divvy-tripdata.csv | B56: =LEFT(A56, 4) -> 2021 | C56: =columnnames!C56 & "(" & datasample!C56 & ")" -> ride_id(EAFCCCFB0A3FC5A1) | D56: =columnnames!D56 & "(" & datasample!D56 & ")" -> rideable_type(electric_bike) | E56: =columnnames!E56 & "(" & datasample!E56 & ")" -> started_at(2021-08-10 17:23:14) | F56: =columnnames!F56 & "(" & datasample!F56 & ")" -> ended_at(2021-08-10 17:39:24) | G56: =columnnames!G56 & "(" & datasample!G56 & ")" -> start_station_name() | H56: =columnnames!H56 & "(" & datasample!H56 & ")" -> start_station_id() | I56: =columnnames!I56 & "(" & datasample!I56 & ")" -> end_station_name() | J56: =columnnames!J56 & "(" & datasample!J56 & ")" -> end_station_id() | ... O56: =columnnames!O56 & "(" & datasample!O56 & ")" -> member_casual(member)
A57: 202109-divvy-tripdata.csv | B57: =LEFT(A57, 4) -> 2021 | C57: =columnnames!C57 & "(" & datasample!C57 & ")" -> ride_id(F930E2C6872D6B32) | D57: =columnnames!D57 & "(" & datasample!D57 & ")" -> rideable_type(electric_bike) | E57: =columnnames!E57 & "(" & datasample!E57 & ")" -> started_at(2021-09-28 14:24:51) | F57: =columnnames!F57 & "(" & datasample!F57 & ")" -> ended_at(2021-09-28 14:40:05) | G57: =columnnames!G57 & "(" & datasample!G57 & ")" -> start_station_name() | H57: =columnnames!H57 & "(" & datasample!H57 & ")" -> start_station_id() | I57: =columnnames!I57 & "(" & datasample!I57 & ")" -> end_station_name() | J57: =columnnames!J57 & "(" & datasample!J57 & ")" -> end_station_id() | ... O57: =columnnames!O57 & "(" & datasample!O57 & ")" -> member_casual(casual)
A58: 202110-divvy-tripdata.csv | B58: =LEFT(A58, 4) -> 2021 | C58: =columnnames!C58 & "(" & datasample!C58 & ")" -> ride_id(4471C70731AB2E45) | D58: =columnnames!D58 & "(" & datasample!D58 & ")" -> rideable_type(electric_bike) | E58: =columnnames!E58 & "(" & datasample!E58 & ")" -> started_at(2021-10-21 09:12:37) | F58: =columnnames!F58 & "(" & datasample!F58 & ")" -> ended_at(2021-10-21 09:14:14) | G58: =columnnames!G58 & "(" & datasample!G58 & ")" -> start_station_name() | H58: =columnnames!H58 & "(" & datasample!H58 & ")" -> start_station_id() | I58: =columnnames!I58 & "(" & datasample!I58 & ")" -> end_station_name() | J58: =columnnames!J58 & "(" & datasample!J58 & ")" -> end_station_id() | ... O58: =columnnames!O58 & "(" & datasample!O58 & ")" -> member_casual(member)
A59: 202111-divvy-tripdata.csv | B59: =LEFT(A59, 4) -> 2021 | C59: =columnnames!C59 & "(" & datasample!C59 & ")" -> ride_id(90854840DFD508BA) | D59: =columnnames!D59 & "(" & datasample!D59 & ")" -> rideable_type(electric_bike) | E59: =columnnames!E59 & "(" & datasample!E59 & ")" -> started_at(2021-11-27 13:38:25) | F59: =columnnames!F59 & "(" & datasample!F59 & ")" -> ended_at(2021-11-27 13:56:10) | G59: =columnnames!G59 & "(" & datasample!G59 & ")" -> start_station_name() | H59: =columnnames!H59 & "(" & datasample!H59 & ")" -> start_station_id() | I59: =columnnames!I59 & "(" & datasample!I59 & ")" -> end_station_name() | J59: =columnnames!J59 & "(" & datasample!J59 & ")" -> end_station_id() | ... O59: =columnnames!O59 & "(" & datasample!O59 & ")" -> member_casual(casual)
A60: 202112-divvy-tripdata.csv | B60: =LEFT(A60, 4) -> 2021 | C60: =columnnames!C60 & "(" & datasample!C60 & ")" -> ride_id(73A77762838B32FD) | D60: =columnnames!D60 & "(" & datasample!D60 & ")" -> rideable_type(electric_bike) | E60: =columnnames!E60 & "(" & datasample!E60 & ")" -> started_at(2021-12-11 03:43:29) | F60: =columnnames!F60 & "(" & datasample!F60 & ")" -> ended_at(2021-12-11 04:10:23) | G60: =columnnames!G60 & "(" & datasample!G60 & ")" -> start_station_name(LaSalle Dr & Huron St) | H60: =columnnames!H60 & "(" & datasample!H60 & ")" -> start_station_id(KP1705001026) | I60: =columnnames!I60 & "(" & datasample!I60 & ")" -> end_station_name(Clarendon Ave & Leland Ave) | J60: =columnnames!J60 & "(" & datasample!J60 & ")" -> end_station_id(TA1307000119) | ... O60: =columnnames!O60 & "(" & datasample!O60 & ")" -> member_casual(casual)
... A113: 202605-divvy-tripdata.csv | B113: =LEFT(A113, 4) -> 2026 | C113: =columnnames!C113 & "(" & datasample!C113 & ")" -> ride_id(746948BC4E29B6D0) | D113: =columnnames!D113 & "(" & datasample!D113 & ")" -> rideable_type(electric_bike) | E113: =columnnames!E113 & "(" & datasample!E113 & ")" -> started_at(2026-05-20 11:37:45.232) | F113: =columnnames!F113 & "(" & datasample!F113 & ")" -> ended_at(2026-05-20 11:51:43.399) | G113: =columnnames!G113 & "(" & datasample!G113 & ")" -> start_station_name() | H113: =columnnames!H113 & "(" & datasample!H113 & ")" -> start_station_id() | I113: =columnnames!I113 & "(" & datasample!I113 & ")" -> end_station_name() | J113: =columnnames!J113 & "(" & datasample!J113 & ")" -> end_station_id() | ... O113: =columnnames!O113 & "(" & datasample!O113 & ")" -> member_casual(casual)

Sheet datatypes
A1: filename | B1: year | C1: col1 | D1: col2 | E1: col3 | F1: col4 | G1: col5 | H1: col6 | I1: col7 | J1: col8 | K1: col9 | L1: col10 | M1: col11 | N1: col12 | O1: col13
A2: Divvy_Stations_2013.csv | B2: 2013 | C2: int64 | D2: object | E2: float64 | F2: float64 | G2: int64 | H2: int64 | I2: object
A3: Divvy_Trips_2013.csv | B3: 2013 | C3: int64 | D3: object | E3: object | F3: int64 | G3: int64 | H3: int64 | I3: object | J3: int64 | K3: object | L3: object | M3: object | N3: float64
A4: Divvy_Stations_2014-Q3Q4.csv | B4: 2014 | C4: int64 | D4: object | E4: float64 | F4: float64 | G4: int64 | H4: object
A5: Divvy_Trips_2014_Q1Q2.csv | B5: 2014 | C5: int64 | D5: object | E5: object | F5: int64 | G5: int64 | H5: int64 | I5: object | J5: int64 | K5: object | L5: object | M5: object | N5: float64
A6: Divvy_Trips_2014-Q3-07.csv | B6: 2014 | C6: int64 | D6: object | E6: object | F6: int64 | G6: int64 | H6: int64 | I6: object | J6: int64 | K6: object | L6: object | M6: object | N6: float64
A7: Divvy_Trips_2014-Q3-0809.csv | B7: 2014 | C7: int64 | D7: object | E7: object | F7: int64 | G7: int64 | H7: int64 | I7: object | J7: int64 | K7: object | L7: object | M7: object | N7: float64
A8: Divvy_Trips_2014-Q4.csv | B8: 2014 | C8: int64 | D8: object | E8: object | F8: int64 | G8: int64 | H8: int64 | I8: object | J8: int64 | K8: object | L8: object | M8: object | N8: float64
A9: Divvy_Stations_2015.csv | B9: 2015 | C9: int64 | D9: object | E9: float64 | F9: float64 | G9: int64 | H9: int64
A10: Divvy_Trips_2015_07.csv | B10: 2015 | C10: int64 | D10: object | E10: object | F10: int64 | G10: int64 | H10: int64 | I10: object | J10: int64 | K10: object | L10: object | M10: object | N10: float64
A11: Divvy_Trips_2015_08.csv | B11: 2015 | C11: int64 | D11: object | E11: object | F11: int64 | G11: int64 | H11: int64 | I11: object | J11: int64 | K11: object | L11: object | M11: object | N11: float64
A12: Divvy_Trips_2015_09.csv | B12: 2015 | C12: int64 | D12: object | E12: object | F12: int64 | G12: int64 | H12: int64 | I12: object | J12: int64 | K12: object | L12: object | M12: object | N12: float64
A13: Divvy_Trips_2015_Q4.csv | B13: 2015 | C13: int64 | D13: object | E13: object | F13: int64 | G13: int64 | H13: int64 | I13: object | J13: int64 | K13: object | L13: object | M13: object | N13: float64
A14: Divvy_Trips_2015-Q1.csv | B14: 2015 | C14: int64 | D14: object | E14: object | F14: int64 | G14: int64 | H14: int64 | I14: object | J14: int64 | K14: object | L14: object | M14: object | N14: float64
A15: Divvy_Trips_2015-Q2.csv | B15: 2015 | C15: int64 | D15: object | E15: object | F15: int64 | G15: int64 | H15: int64 | I15: object | J15: int64 | K15: object | L15: object | M15: object | N15: float64
A16: Divvy_Stations_2016_Q1Q2.csv | B16: 2016 | C16: int64 | D16: object | E16: float64 | F16: float64 | G16: int64 | H16: object
A17: Divvy_Stations_2016_Q3.csv | B17: 2016 | C17: int64 | D17: object | E17: float64 | F17: float64 | G17: int64 | H17: object
A18: Divvy_Stations_2016_Q4.csv | B18: 2016 | C18: int64 | D18: object | E18: float64 | F18: float64 | G18: int64 | H18: object
A19: Divvy_Trips_2016_04.csv | B19: 2016 | C19: int64 | D19: object | E19: object | F19: int64 | G19: int64 | H19: int64 | I19: object | J19: int64 | K19: object | L19: object | M19: object | N19: float64
A20: Divvy_Trips_2016_05.csv | B20: 2016 | C20: int64 | D20: object | E20: object | F20: int64 | G20: int64 | H20: int64 | I20: object | J20: int64 | K20: object | L20: object | M20: object | N20: float64
A21: Divvy_Trips_2016_06.csv | B21: 2016 | C21: int64 | D21: object | E21: object | F21: int64 | G21: int64 | H21: int64 | I21: object | J21: int64 | K21: object | L21: object | M21: object | N21: float64
A22: Divvy_Trips_2016_Q1.csv | B22: 2016 | C22: int64 | D22: object | E22: object | F22: int64 | G22: int64 | H22: int64 | I22: object | J22: int64 | K22: object | L22: object | M22: object | N22: float64
A23: Divvy_Trips_2016_Q3.csv | B23: 2016 | C23: int64 | D23: object | E23: object | F23: int64 | G23: int64 | H23: int64 | I23: object | J23: int64 | K23: object | L23: object | M23: object | N23: float64
A24: Divvy_Trips_2016_Q4.csv | B24: 2016 | C24: int64 | D24: object | E24: object | F24: int64 | G24: int64 | H24: int64 | I24: object | J24: int64 | K24: object | L24: object | M24: object | N24: float64
A25: Divvy_Stations_2017_Q1Q2.csv | B25: 2017 | C25: int64 | D25: object | E25: object | F25: float64 | G25: float64 | H25: int64 | I25: object
A26: Divvy_Stations_2017_Q3Q4.csv | B26: 2017 | C26: int64 | D26: object | E26: object | F26: float64 | G26: float64 | H26: int64 | I26: object | J26: float64
A27: Divvy_Trips_2017_Q1.csv | B27: 2017 | C27: int64 | D27: object | E27: object | F27: int64 | G27: int64 | H27: int64 | I27: object | J27: int64 | K27: object | L27: object | M27: object | N27: float64
A28: Divvy_Trips_2017_Q2.csv | B28: 2017 | C28: int64 | D28: object | E28: object | F28: int64 | G28: int64 | H28: int64 | I28: object | J28: int64 | K28: object | L28: object | M28: object | N28: float64
A29: Divvy_Trips_2017_Q3.csv | B29: 2017 | C29: int64 | D29: object | E29: object | F29: int64 | G29: int64 | H29: int64 | I29: object | J29: int64 | K29: object | L29: object | M29: object | N29: float64
A30: Divvy_Trips_2017_Q4.csv | B30: 2017 | C30: int64 | D30: object | E30: object | F30: int64 | G30: int64 | H30: int64 | I30: object | J30: int64 | K30: object | L30: object | M30: object | N30: float64
A31: Divvy_Trips_2018_Q1.csv | B31: 2018 | C31: int64 | D31: object | E31: object | F31: int64 | G31: object | H31: int64 | I31: object | J31: int64 | K31: object | L31: object | M31: object | N31: float64
A32: Divvy_Trips_2018_Q2.csv | B32: 2018 | C32: int64 | D32: object | E32: object | F32: int64 | G32: object | H32: int64 | I32: object | J32: int64 | K32: object | L32: object | M32: object | N32: float64
A33: Divvy_Trips_2018_Q3.csv | B33: 2018 | C33: int64 | D33: object | E33: object | F33: int64 | G33: object | H33: int64 | I33: object | J33: int64 | K33: object | L33: object | M33: object | N33: float64
A34: Divvy_Trips_2018_Q4.csv | B34: 2018 | C34: int64 | D34: object | E34: object | F34: int64 | G34: object | H34: int64 | I34: object | J34: int64 | K34: object | L34: object | M34: object | N34: float64
A35: Divvy_Trips_2019_Q1.csv | B35: 2019 | C35: int64 | D35: object | E35: object | F35: int64 | G35: object | H35: int64 | I35: object | J35: int64 | K35: object | L35: object | M35: object | N35: float64
A36: Divvy_Trips_2019_Q2.csv | B36: 2019 | C36: int64 | D36: object | E36: object | F36: int64 | G36: object | H36: int64 | I36: object | J36: int64 | K36: object | L36: object | M36: object | N36: float64
A37: Divvy_Trips_2019_Q3.csv | B37: 2019 | C37: int64 | D37: object | E37: object | F37: int64 | G37: object | H37: int64 | I37: object | J37: int64 | K37: object | L37: object | M37: object | N37: float64
A38: Divvy_Trips_2019_Q4.csv | B38: 2019 | C38: int64 | D38: object | E38: object | F38: int64 | G38: object | H38: int64 | I38: object | J38: int64 | K38: object | L38: object | M38: object | N38: float64
A39: 202004-divvy-tripdata.csv | B39: 2020 | C39: object | D39: object | E39: object | F39: object | G39: object | H39: int64 | I39: object | J39: float64 | K39: float64 | L39: float64 | M39: float64 | N39: float64 | O39: object
A40: 202005-divvy-tripdata.csv | B40: 2020 | C40: object | D40: object | E40: object | F40: object | G40: object | H40: int64 | I40: object | J40: float64 | K40: float64 | L40: float64 | M40: float64 | N40: float64 | O40: object
A41: 202006-divvy-tripdata.csv | B41: 2020 | C41: object | D41: object | E41: object | F41: object | G41: object | H41: int64 | I41: object | J41: float64 | K41: float64 | L41: float64 | M41: float64 | N41: float64 | O41: object
A42: 202007-divvy-tripdata.csv | B42: 2020 | C42: object | D42: object | E42: object | F42: object | G42: object | H42: float64 | I42: object | J42: float64 | K42: float64 | L42: float64 | M42: float64 | N42: float64 | O42: object
A43: 202008-divvy-tripdata.csv | B43: 2020 | C43: object | D43: object | E43: object | F43: object | G43: object | H43: float64 | I43: object | J43: float64 | K43: float64 | L43: float64 | M43: float64 | N43: float64 | O43: object
A44: 202009-divvy-tripdata.csv | B44: 2020 | C44: object | D44: object | E44: object | F44: object | G44: object | H44: float64 | I44: object | J44: float64 | K44: float64 | L44: float64 | M44: float64 | N44: float64 | O44: object
A45: 202010-divvy-tripdata.csv | B45: 2020 | C45: object | D45: object | E45: object | F45: object | G45: object | H45: float64 | I45: object | J45: float64 | K45: float64 | L45: float64 | M45: float64 | N45: float64 | O45: object
A46: 202011-divvy-tripdata.csv | B46: 2020 | C46: object | D46: object | E46: object | F46: object | G46: object | H46: float64 | I46: object | J46: float64 | K46: float64 | L46: float64 | M46: float64 | N46: float64 | O46: object
A47: 202012-divvy-tripdata.csv | B47: 2020 | C47: object | D47: object | E47: object | F47: object | G47: object | H47: object | I47: object | J47: object | K47: float64 | L47: float64 | M47: float64 | N47: float64 | O47: object
A48: Divvy_Trips_2020_Q1.csv | B48: 2020 | C48: object | D48: object | E48: object | F48: object | G48: object | H48: int64 | I48: object | J48: float64 | K48: float64 | L48: float64 | M48: float64 | N48: float64 | O48: object
A49: 202101-divvy-tripdata.csv | B49: 2021 | C49: object | D49: object | E49: object | F49: object | G49: object | H49: object | I49: object | J49: object | K49: float64 | L49: float64 | M49: float64 | N49: float64 | O49: object
A50: 202102-divvy-tripdata.csv | B50: 2021 | C50: object | D50: object | E50: object | F50: object | G50: object | H50: object | I50: object | J50: object | K50: float64 | L50: float64 | M50: float64 | N50: float64 | O50: object
A51: 202103-divvy-tripdata.csv | B51: 2021 | C51: object | D51: object | E51: object | F51: object | G51: object | H51: object | I51: object | J51: object | K51: float64 | L51: float64 | M51: float64 | N51: float64 | O51: object
A52: 202104-divvy-tripdata.csv | B52: 2021 | C52: object | D52: object | E52: object | F52: object | G52: object | H52: object | I52: object | J52: object | K52: float64 | L52: float64 | M52: float64 | N52: float64 | O52: object
A53: 202105-divvy-tripdata.csv | B53: 2021 | C53: object | D53: object | E53: object | F53: object | G53: object | H53: object | I53: object | J53: object | K53: float64 | L53: float64 | M53: float64 | N53: float64 | O53: object
A54: 202106-divvy-tripdata.csv | B54: 2021 | C54: object | D54: object | E54: object | F54: object | G54: object | H54: object | I54: object | J54: object | K54: float64 | L54: float64 | M54: float64 | N54: float64 | O54: object
A55: 202107-divvy-tripdata.csv | B55: 2021 | C55: object | D55: object | E55: object | F55: object | G55: object | H55: object | I55: object | J55: object | K55: float64 | L55: float64 | M55: float64 | N55: float64 | O55: object
A56: 202108-divvy-tripdata.csv | B56: 2021 | C56: object | D56: object | E56: object | F56: object | G56: object | H56: object | I56: object | J56: object | K56: float64 | L56: float64 | M56: float64 | N56: float64 | O56: object
A57: 202109-divvy-tripdata.csv | B57: 2021 | C57: object | D57: object | E57: object | F57: object | G57: object | H57: object | I57: object | J57: object | K57: float64 | L57: float64 | M57: float64 | N57: float64 | O57: object
A58: 202110-divvy-tripdata.csv | B58: 2021 | C58: object | D58: object | E58: object | F58: object | G58: object | H58: object | I58: object | J58: object | K58: float64 | L58: float64 | M58: float64 | N58: float64 | O58: object
A59: 202111-divvy-tripdata.csv | B59: 2021 | C59: object | D59: object | E59: object | F59: object | G59: object | H59: object | I59: object | J59: object | K59: float64 | L59: float64 | M59: float64 | N59: float64 | O59: object
A60: 202112-divvy-tripdata.csv | B60: 2021 | C60: object | D60: object | E60: object | F60: object | G60: object | H60: object | I60: object | J60: object | K60: float64 | L60: float64 | M60: float64 | N60: float64 | O60: object
... A113: 202605-divvy-tripdata.csv | B113: 2026 | C113: object | D113: object | E113: object | F113: object | G113: object | H113: object | I113: object | J113: object | K113: float64 | L113: float64 | M113: float64 | N113: float64 | O113: object

Sheet datasample
A1: filename | B1: year | C1: col1 | D1: col2 | E1: col3 | F1: col4 | G1: col5 | H1: col6 | I1: col7 | J1: col8 | K1: col9 | L1: col10 | M1: col11 | N1: col12 | O1: col13
A2: Divvy_Stations_2013.csv | B2: 2013 | C2: 13 | D2: Wilton Ave & Diversey Pkwy | E2: 41.9325 | F2: -87.652681 | G2: 19 | H2: 66 | I2: 6/28/2013
A3: Divvy_Trips_2013.csv | B3: 2013 | C3: 4275 | D3: 2013-06-27 14:44 | E3: 2013-06-27 14:45 | F3: 77 | G3: 64 | H3: 32 | I3: Racine Ave & Congress Pkwy | J3: 32 | K3: Racine Ave & Congress Pkwy | L3: Customer
A4: Divvy_Stations_2014-Q3Q4.csv | B4: 2014 | C4: 13 | D4: Wilton Ave & Diversey Pkwy | E4: 41.9325 | F4: -87.652681 | G4: 19 | H4: 6/22/2013 18:29
A5: Divvy_Trips_2014_Q1Q2.csv | B5: 2014 | C5: 2355133 | D5: 6/30/2014 23:56 | E5: 7/1/2014 0:00 | F5: 2217 | G5: 263 | H5: 282 | I5: Halsted St & Maxwell St | J5: 22 | K5: May St & Taylor St | L5: Subscriber | M5: Male | N5: 1992
A6: Divvy_Trips_2014-Q3-07.csv | B6: 2014 | C6: 2886258 | D6: 7/31/2014 23:58 | E6: 8/1/2014 0:07 | F6: 2403 | G6: 495 | H6: 98 | I6: LaSalle St & Washington St | J6: 106 | K6: State St & Pearson St | L6: Subscriber | M6: Male | N6: 1974
A7: Divvy_Trips_2014-Q3-0809.csv | B7: 2014 | C7: 3810749 | D7: 9/30/2014 23:59 | E7: 10/1/2014 0:01 | F7: 989 | G7: 142 | H7: 277 | I7: Ashland Ave & Grand Ave | J7: 285 | K7: Wood St & Grand Ave | L7: Subscriber | M7: Male | N7: 1983
A8: Divvy_Trips_2014-Q4.csv | B8: 2014 | C8: 4413166 | D8: 12/31/2014 23:50 | E8: 12/31/2014 23:52 | F8: 1153 | G8: 161 | H8: 264 | I8: Stetson Ave & South Water St | J8: 44 | K8: State St & Randolph St | L8: Subscriber | M8: Male | N8: 1984
A9: Divvy_Stations_2015.csv | B9: 2015 | C9: 3 | D9: Shedd Aquarium | E9: 41.867226 | F9: -87.615355 | G9: 31 | H9: 544
A10: Divvy_Trips_2015_07.csv | B10: 2015 | C10: 6611091 | D10: 7/31/2015 23:59 | E10: 8/1/2015 0:22 | F10: 3747 | G10: 1378 | H10: 177 | I10: Theater on the Lake | J10: 312 | K10: Clarendon Ave & Gordon Ter | L10: Subscriber | M10: Male | N10: 1980
A11: Divvy_Trips_2015_08.csv | B11: 2015 | C11: 7221406 | D11: 8/31/2015 23:58 | E11: 9/1/2015 0:26 | F11: 431 | G11: 1676 | H11: 511 | I11: Albany Ave & Bloomingdale Ave | J11: 58 | K11: Marshfield Ave & Cortland St | L11: Customer
A12: Divvy_Trips_2015_09.csv | B12: 2015 | C12: 7745069 | D12: 9/30/2015 23:59 | E12: 10/1/2015 0:07 | F12: 1414 | G12: 476 | H12: 229 | I12: Southport Ave & Roscoe St | J12: 165 | K12: Clark St & Grace St | L12: Subscriber | M12: Female | N12: 1983
A13: Divvy_Trips_2015_Q4.csv | B13: 2015 | C13: 8547209 | D13: 12/31/2015 23:47 | E13: 12/31/2015 23:53 | F13: 3866 | G13: 334 | H13: 299 | I13: Halsted St & Roscoe St | J13: 117 | K13: Wilton Ave & Belmont Ave | L13: Subscriber | M13: Female | N13: 1991
A14: Divvy_Trips_2015-Q1.csv | B14: 2015 | C14: 4738450 | D14: 3/31/2015 23:59 | E14: 4/1/2015 0:15 | F14: 537 | G14: 940 | H14: 43 | I14: Michigan Ave & Washington St | J14: 85 | K14: Michigan Ave & Oak St | L14: Customer
A15: Divvy_Trips_2015-Q2.csv | B15: 2015 | C15: 5943499 | D15: 6/30/2015 23:59 | E15: 7/1/2015 0:23 | F15: 4209 | G15: 1428 | H15: 490 | I15: Troy St & Elston Ave | J15: 227 | K15: Southport Ave & Waveland Ave | L15: Customer
A16: Divvy_Stations_2016_Q1Q2.csv | B16: 2016 | C16: 101 | D16: 63rd St Beach | E16: 41.781016 | F16: -87.57612 | G16: 23 | H16: 4/20/2015
A17: Divvy_Stations_2016_Q3.csv | B17: 2016 | C17: 101 | D17: 63rd St Beach | E17: 41.781016 | F17: -87.57612 | G17: 23 | H17: 4/20/2015
A18: Divvy_Stations_2016_Q4.csv | B18: 2016 | C18: 101 | D18: 63rd St Beach | E18: 41.781016 | F18: -87.57612 | G18: 23 | H18: 4/20/2015
A19: Divvy_Trips_2016_04.csv | B19: 2016 | C19: 9379900 | D19: 4/30/2016 23:58 | E19: 5/1/2016 0:07 | F19: 3583 | G19: 556 | H19: 349 | I19: Halsted St & Wrightwood Ave | J19: 165 | K19: Clark St & Grace St | L19: Subscriber | M19: Male | N19: 1991
A20: Divvy_Trips_2016_05.csv | B20: 2016 | C20: 9835708 | D20: 5/31/2016 23:57 | E20: 6/1/2016 0:14 | F20: 1207 | G20: 1035 | H20: 22 | I20: May St & Taylor St | J20: 282 | K20: Halsted St & Maxwell St | L20: Subscriber | M20: Male | N20: 1993
A21: Divvy_Trips_2016_06.csv | B21: 2016 | C21: 10426656 | D21: 6/30/2016 23:58 | E21: 7/1/2016 0:14 | F21: 1858 | G21: 967 | H21: 90 | I21: Millennium Park | J21: 90 | K21: Millennium Park | L21: Customer
A22: Divvy_Trips_2016_Q1.csv | B22: 2016 | C22: 9080550 | D22: 3/31/2016 23:46 | E22: 3/31/2016 23:57 | F22: 4831 | G22: 649 | H22: 128 | I22: Damen Ave & Chicago Ave | J22: 213 | K22: Leavitt St & North Ave | L22: Subscriber | M22: Male | N22: 1980
A23: Divvy_Trips_2016_Q3.csv | B23: 2016 | C23: 12150159 | D23: 9/30/2016 23:59:58 | E23: 10/1/2016 00:04:09 | F23: 2589 | G23: 251 | H23: 383 | I23: Ashland Ave & Harrison St | J23: 320 | K23: Loomis St & Lexington St | L23: Subscriber | M23: Female | N23: 1990
A24: Divvy_Trips_2016_Q4.csv | B24: 2016 | C24: 12979227 | D24: 12/31/2016 23:53:18 | E24: 1/1/2017 00:08:13 | F24: 5114 | G24: 895 | H24: 195 | I24: Columbus Dr & Randolph St | J24: 25 | K24: Michigan Ave & Pearson St | L24: Customer
A25: Divvy_Stations_2017_Q1Q2.csv | B25: 2017 | C25: 101 | D25: 63rd St Beach | E25: Chicago | F25: 41.781016 | G25: -87.57612 | H25: 23 | I25: 7/16/2013 01:27:50
A26: Divvy_Stations_2017_Q3Q4.csv | B26: 2017 | C26: 3 | D26: Shedd Aquarium | E26: Chicago | F26: 41.867226 | G26: -87.615355 | H26: 55 | I26: 6/10/2013 10:44
A27: Divvy_Trips_2017_Q1.csv | B27: 2017 | C27: 13518904 | D27: 3/31/2017 23:56:25 | E27: 4/1/2017 00:00:21 | F27: 4408 | G27: 236 | H27: 199 | I27: Wabash Ave & Grand Ave | J27: 26 | K27: McClurg Ct & Illinois St | L27: Subscriber | M27: Male | N27: 1990
A28: Divvy_Trips_2017_Q2.csv | B28: 2017 | C28: 14853212 | D28: 6/30/2017 23:59:28 | E28: 7/1/2017 00:07:10 | F28: 1909 | G28: 462 | H28: 165 | I28: Clark St & Grace St | J28: 234 | K28: Clark St & Montrose Ave | L28: Subscriber | M28: Female | N28: 1968
A29: Divvy_Trips_2017_Q3.csv | B29: 2017 | C29: 16734064 | D29: 9/30/2017 23:59:53 | E29: 10/1/2017 00:05:47 | F29: 3048 | G29: 354 | H29: 216 | I29: California Ave & Division St | J29: 259 | K29: California Ave & Francis Pl | L29: Subscriber | M29: Male | N29: 1979
A30: Divvy_Trips_2017_Q4.csv | B30: 2017 | C30: 17536700 | D30: 12/31/2017 23:54 | E30: 1/1/2018 0:18 | F30: 5975 | G30: 1402 | H30: 145 | I30: Mies van der Rohe Way & Chestnut St | J30: 145 | K30: Mies van der Rohe Way & Chestnut St | L30: Customer
A31: Divvy_Trips_2018_Q1.csv | B31: 2018 | C31: 17536703 | D31: 2018-01-01 00:41:35 | E31: 2018-01-01 00:47:52 | F31: 5367 | G31: 377.0 | H31: 253 | I31: Winthrop Ave & Lawrence Ave | J31: 325 | K31: Clark St & Winnemac Ave (Temp) | L31: Subscriber | M31: Male | N31: 1984
A32: Divvy_Trips_2018_Q2.csv | B32: 2018 | C32: 18000528 | D32: 2018-04-01 00:06:42 | E32: 2018-04-01 00:27:07 | F32: 5000 | G32: 1,225.0 | H32: 157 | I32: Lake Shore Dr & Wellington Ave | J32: 190 | K32: Southport Ave & Wrightwood Ave | L32: Subscriber | M32: Male | N32: 1965
A33: Divvy_Trips_2018_Q3.csv | B33: 2018 | C33: 19244623 | D33: 2018-07-01 00:00:13 | E33: 2018-07-01 00:06:39 | F33: 93 | G33: 386.0 | H33: 153 | I33: Southport Ave & Wellington Ave | J33: 250 | K33: Ashland Ave & Wellington Ave | L33: Subscriber | M33: Male | N33: 1986
A34: Divvy_Trips_2018_Q4.csv | B34: 2018 | C34: 20983531 | D34: 2018-10-01 00:03:59 | E34: 2018-10-01 00:10:55 | F34: 847 | G34: 416.0 | H34: 13 | I34: Wilton Ave & Diversey Pkwy | J34: 144 | K34: Larrabee St & Webster Ave | L34: Subscriber | M34: Female | N34: 1982
A35: Divvy_Trips_2019_Q1.csv | B35: 2019 | C35: 21742444 | D35: 2019-01-01 00:08:13 | E35: 2019-01-01 00:15:34 | F35: 4386 | G35: 441.0 | H35: 44 | I35: State St & Randolph St | J35: 624 | K35: Dearborn St & Van Buren St (*) | L35: Subscriber | M35: Female | N35: 1990
A36: Divvy_Trips_2019_Q2.csv | B36: 2019 | C36: 22178530 | D36: 2019-04-01 00:03:02 | E36: 2019-04-01 00:20:30 | F36: 6226 | G36: 1,048.0 | H36: 317 | I36: Wood St & Taylor St | J36: 59 | K36: Wabash Ave & Roosevelt Rd | L36: Subscriber | M36: Female | N36: 1984
A37: Divvy_Trips_2019_Q3.csv | B37: 2019 | C37: 23479389 | D37: 2019-07-01 00:01:16 | E37: 2019-07-01 00:18:44 | F37: 5353 | G37: 1,048.0 | H37: 381 | I37: Western Ave & Monroe St | J37: 203 | K37: Western Ave & 21st St | L37: Customer
A38: Divvy_Trips_2019_Q4.csv | B38: 2019 | C38: 25223641 | D38: 2019-10-01 00:02:16 | E38: 2019-10-01 00:06:34 | F38: 6328 | G38: 258.0 | H38: 19 | I38: Throop (Loomis) St & Taylor St | J38: 241 | K38: Morgan St & Polk St | L38: Subscriber | M38: Male | N38: 1998
A39: 202004-divvy-tripdata.csv | B39: 2020 | C39: 5405B80E996FF60D | D39: docked_bike | E39: 2020-04-17 17:08:54 | F39: 2020-04-17 17:17:03 | G39: Drake Ave & Fullerton Ave | H39: 503 | I39: Kosciuszko Park | J39: 499 | K39: 41.9244 | L39: -87.7154 | M39: 41.9306 | N39: -87.7238 | O39: member
A40: 202005-divvy-tripdata.csv | B40: 2020 | C40: 7A50CCAF1EDDB28F | D40: docked_bike | E40: 2020-05-25 10:47:11 | F40: 2020-05-25 11:05:40 | G40: Clark St & Wrightwood Ave | H40: 340 | I40: Clark St & Leland Ave | J40: 326 | K40: 41.9295 | L40: -87.6431 | M40: 41.9671 | N40: -87.6674 | O40: casual
A41: 202006-divvy-tripdata.csv | B41: 2020 | C41: 9A191EB2C751D85D | D41: docked_bike | E41: 2020-06-26 07:26:10 | F41: 2020-06-26 07:31:58 | G41: Federal St & Polk St | H41: 41 | I41: Daley Center Plaza | J41: 81 | K41: 41.872077 | L41: -87.629543 | M41: 41.884241 | N41: -87.629634 | O41: member
A42: 202007-divvy-tripdata.csv | B42: 2020 | C42: BEC9C9FBA0D4CF1B | D42: docked_bike | E42: 2020-07-24 23:56:30 | F42: 2020-07-25 00:20:17 | G42: Halsted St & Roscoe St | H42: 299 | I42: Broadway & Ridge Ave | J42: 461 | K42: 41.94367 | L42: -87.64895 | M42: 41.984045 | N42: -87.660274 | O42: member
A43: 202008-divvy-tripdata.csv | B43: 2020 | C43: 2A3AEF1AB9054D8B | D43: electric_bike | E43: 2020-08-27 18:46:04 | F43: 2020-08-27 19:54:51 | G43: Michigan Ave & 14th St | H43: 168 | I43: Michigan Ave & 14th St | J43: 168 | K43: 41.864379 | L43: -87.623681 | M43: 41.864221 | N43: -87.623439 | O43: casual
A44: 202009-divvy-tripdata.csv | B44: 2020 | C44: A7FB70B4AFC6CAF2 | D44: electric_bike | E44: 2020-09-17 15:07:31 | F44: 2020-09-17 15:07:45 | G44: W Oakdale Ave & N Broadway | I44: W Oakdale Ave & N Broadway | K44: 41.94 | L44: -87.64 | M44: 41.94 | N44: -87.64 | O44: casual
A45: 202010-divvy-tripdata.csv | B45: 2020 | C45: DF450C72FD109C01 | D45: electric_bike | E45: 2020-10-31 23:50:08 | F45: 2020-11-01 00:04:16 | G45: Southport Ave & Waveland Ave | H45: 227 | I45: Kedzie Ave & Milwaukee Ave | J45: 260 | K45: 41.948172 | L45: -87.663911 | M45: 41.929528 | N45: -87.707818 | O45: casual
A46: 202011-divvy-tripdata.csv | B46: 2020 | C46: 96A7A7A4BDE4F82D | D46: electric_bike | E46: 2020-11-01 10:03:26 | F46: 2020-11-01 10:14:45 | G46: Franklin St & Illinois St | H46: 672 | I46: Noble St & Milwaukee Ave | J46: 29 | K46: 41.890959 | L46: -87.635343 | M46: 41.900675 | N46: -87.66248 | O46: casual
A47: 202012-divvy-tripdata.csv | B47: 2020 | C47: 158A465D4E74C54A | D47: electric_bike | E47: 2020-12-18 17:37:15 | F47: 2020-12-18 17:44:19 | K47: 41.93 | L47: -87.7 | M47: 41.91 | N47: -87.7 | O47: member
A48: Divvy_Trips_2020_Q1.csv | B48: 2020 | C48: 8FED874C809DC021 | D48: docked_bike | E48: 2020-01-30 14:22:39 | F48: 2020-01-30 14:26:22 | G48: Clark St & Montrose Ave | H48: 234 | I48: Southport Ave & Irving Park Rd | J48: 318 | K48: 41.9616 | L48: -87.666 | M48: 41.9542 | N48: -87.6644 | O48: member
A49: 202101-divvy-tripdata.csv | B49: 2021 | C49: DC88F20C2C55F27F | D49: electric_bike | E49: 2021-01-27 18:43:08 | F49: 2021-01-27 18:47:12 | G49: California Ave & Cortez St | H49: 17660 | K49: 41.900333 | L49: -87.696707 | M49: 41.9 | N49: -87.69 | O49: member
A50: 202102-divvy-tripdata.csv | B50: 2021 | C50: 0FEFDE2603568365 | D50: classic_bike | E50: 2021-02-14 17:52:38 | F50: 2021-02-14 18:12:09 | G50: Glenwood Ave & Touhy Ave | H50: 525 | I50: Bosworth Ave & Howard St | J50: 16806 | K50: 42.012701 | L50: -87.666058 | M50: 42.019537 | N50: -87.669563 | O50: casual
A51: 202103-divvy-tripdata.csv | B51: 2021 | C51: 30D9DC61227D1AF3 | D51: classic_bike | E51: 2021-03-28 01:26:28 | F51: 2021-03-28 01:36:55 | G51: Humboldt Blvd & Armitage Ave | H51: 15651 | I51: Central Park Ave & Bloomingdale Ave | J51: 18017 | K51: 41.917513 | L51: -87.701809 | M51: 41.914166 | N51: -87.716755 | O51: casual
A52: 202104-divvy-tripdata.csv | B52: 2021 | C52: 1E0145613A209000 | D52: docked_bike | E52: 2021-04-27 17:27:11 | F52: 2021-04-27 18:31:29 | G52: Dorchester Ave & 49th St | H52: KA1503000069 | I52: Dorchester Ave & 49th St | J52: KA1503000069 | K52: 41.805772 | L52: -87.592464 | M52: 41.805772 | N52: -87.592464 | O52: casual
A53: 202105-divvy-tripdata.csv | B53: 2021 | C53: DD59FDCE0ACACAF3 | D53: electric_bike | E53: 2021-05-30 11:29:14 | F53: 2021-05-30 12:14:09 | K53: 41.88 | L53: -87.62 | M53: 41.79 | N53: -87.58 | O53: casual
A54: 202106-divvy-tripdata.csv | B54: 2021 | C54: 06048DCFC8520CAF | D54: electric_bike | E54: 2021-06-04 11:18:02 | F54: 2021-06-04 11:24:19 | K54: 41.79 | L54: -87.59 | M54: 41.8 | N54: -87.6 | O54: member
A55: 202107-divvy-tripdata.csv | B55: 2021 | C55: B2D5583A5A5E76EE | D55: classic_bike | E55: 2021-07-07 16:57:42 | F55: 2021-07-07 17:16:09 | G55: California Ave & Cortez St | H55: 17660 | I55: Wood St & Hubbard St | J55: 13432 | K55: 41.900363 | L55: -87.696704 | M55: 41.889899 | N55: -87.671473 | O55: casual
A56: 202108-divvy-tripdata.csv | B56: 2021 | C56: EAFCCCFB0A3FC5A1 | D56: electric_bike | E56: 2021-08-10 17:23:14 | F56: 2021-08-10 17:39:24 | K56: 41.77 | L56: -87.68 | M56: 41.77 | N56: -87.63 | O56: member
A57: 202109-divvy-tripdata.csv | B57: 2021 | C57: F930E2C6872D6B32 | D57: electric_bike | E57: 2021-09-28 14:24:51 | F57: 2021-09-28 14:40:05 | K57: 41.94 | L57: -87.64 | M57: 41.98 | N57: -87.67 | O57: casual
A58: 202110-divvy-tripdata.csv | B58: 2021 | C58: 4471C70731AB2E45 | D58: electric_bike | E58: 2021-10-21 09:12:37 | F58: 2021-10-21 09:14:14 | K58: 41.93 | L58: -87.7 | M58: 41.93 | N58: -87.71 | O58: member
A59: 202111-divvy-tripdata.csv | B59: 2021 | C59: 90854840DFD508BA | D59: electric_bike | E59: 2021-11-27 13:38:25 | F59: 2021-11-27 13:56:10 | K59: 41.96 | L59: -87.7 | M59: 41.92 | N59: -87.7 | O59: casual
A60: 202112-divvy-tripdata.csv | B60: 2021 | C60: 73A77762838B32FD | D60: electric_bike | E60: 2021-12-11 03:43:29 | F60: 2021-12-11 04:10:23 | G60: LaSalle Dr & Huron St | H60: KP1705001026 | I60: Clarendon Ave & Leland Ave | J60: TA1307000119 | K60: 41.894405 | L60: -87.632331 | M60: 41.967968 | N60: -87.650001 | O60: casual
A61: 202201-divvy-tripdata.csv | B61: 2022 | C61: A6CF8980A652D272 | D61: electric_bike | E61: 2022-01-10 08:41:56 | F61: 2022-01-10 08:46:17 | G61: Glenwood Ave & Touhy Ave | H61: 525 | I61: Clark St & Touhy Ave | J61: RP-007 | K61: 42.012763 | L61: -87.665967 | M61: 42.01256 | N61: -87.674367 | O61: casual
A62: 202202-divvy-tripdata.csv | B62: 2022 | C62: 1602DCDC5B30FFE3 | D62: classic_bike | E62: 2022-02-20 17:41:30 | F62: 2022-02-20 17:45:56 | G62: Halsted St & Wrightwood Ave | H62: TA1309000061 | I62: Southport Ave & Wrightwood Ave | J62: TA1307000113 | K62: 41.929143 | L62: -87.649077 | M62: 41.928773 | N62: -87.663913 | O62: member
A63: 202203-divvy-tripdata.csv | B63: 2022 | C63: 8494861979B0F477 | D63: electric_bike | E63: 2022-03-16 09:37:16 | F63: 2022-03-16 09:43:34 | G63: Michigan Ave & Oak St | H63: 13042 | I63: Orleans St & Chestnut St (NEXT Apts) | J63: 620 | K63: 41.900998 | L63: -87.623752 | M63: 41.898203 | N63: -87.637536 | O63: member
A64: 202204-divvy-tripdata.csv | B64: 2022 | C64: 0B820C7FCF22F489 | D64: classic_bike | E64: 2022-04-24 19:23:07 | F64: 2022-04-24 19:43:17 | G64: Wentworth Ave & Cermak Rd | H64: 13075 | I64: Green St & Madison St | J64: TA1307000120 | K64: 41.853085 | L64: -87.631931 | M64: 41.881892 | N64: -87.648789 | O64: member
A65: 202205-divvy-tripdata.csv | B65: 2022 | C65: 1C31AD03897EE385 | D65: classic_bike | E65: 2022-05-11 08:53:28 | F65: 2022-05-11 09:31:22 | G65: DuSable Lake Shore Dr & Monroe St | H65: 13300 | I65: Field Blvd & South Water St | J65: 15534 | K65: 41.880958 | L65: -87.616743 | M65: 41.886349 | N65: -87.617517 | O65: member
A66: 202206-divvy-tripdata.csv | B66: 2022 | C66: F5E6B5C1682C6464 | D66: electric_bike | E66: 2022-06-30 18:39:52 | F66: 2022-06-30 18:47:28 | K66: 41.91 | L66: -87.62 | M66: 41.93 | N66: -87.63 | O66: casual
A67: 202207-divvy-tripdata.csv | B67: 2022 | C67: 292E027607D218B6 | D67: classic_bike | E67: 2022-07-26 12:53:38 | F67: 2022-07-26 12:55:31 | G67: Buckingham Fountain (Temp) | H67: 15541 | I67: Michigan Ave & 8th St | J67: 623 | K67: 41.869621 | L67: -87.623981 | M67: 41.872773 | N67: -87.623981 | O67: casual
A68: 202208-divvy-tripdata.csv | B68: 2022 | C68: DAD198F405F9C5F5 | D68: electric_bike | E68: 2022-08-08 14:39:21 | F68: 2022-08-08 14:53:23 | K68: 41.89 | L68: -87.64 | M68: 41.92 | N68: -87.64 | O68: casual
A69: 202209-divvy-publictripdata.csv | B69: 2022 | C69: E12D4A16BF51C274 | D69: electric_bike | E69: 2022-09-01 17:11:29 | F69: 2022-09-01 17:14:45 | K69: 41.87 | L69: -87.62 | M69: 41.87 | N69: -87.62 | O69: casual
A70: 202210-divvy-tripdata.csv | B70: 2022 | C70: DB692A70BD2DD4E3 | D70: electric_bike | E70: 2022-10-01 16:29:26 | F70: 2022-10-01 16:49:06 | G70: Damen Ave & Charleston St | H70: 13288 | I70: Damen Ave & Cullerton St | J70: 13089 | K70: 41.920037 | L70: -87.677937 | M70: 41.854967 | N70: -87.6757 | O70: casual
A71: 202211-divvy-tripdata.csv | B71: 2022 | C71: 772AB67E902C180F | D71: classic_bike | E71: 2022-11-04 07:31:55 | F71: 2022-11-04 07:46:25 | G71: Canal St & Adams St | H71: 13011 | I71: St. Clair St & Erie St | J71: 13016 | K71: 41.879255 | L71: -87.639904 | M71: 41.894345 | N71: -87.622798 | O71: member
A72: 202212-divvy-tripdata.csv | B72: 2022 | C72: 0C201AA7EA0EA1AD | D72: classic_bike | E72: 2022-12-18 06:42:33 | F72: 2022-12-18 07:08:44 | G72: Broadway & Belmont Ave | H72: 13277 | I72: Sedgwick St & Webster Ave | J72: 13191 | K72: 41.940106 | L72: -87.645451 | M72: 41.922167 | N72: -87.638888 | O72: casual
A73: 202301-divvy-tripdata.csv | B73: 2023 | C73: 13CB7EB698CEDB88 | D73: classic_bike | E73: 2023-01-10 15:37:36 | F73: 2023-01-10 15:46:05 | G73: Kimbark Ave & 53rd St | H73: TA1309000037 | I73: Greenwood Ave & 47th St | J73: TA1308000002 | K73: 41.799568 | L73: -87.594747 | M73: 41.809835 | N73: -87.599383 | O73: member
A74: 202302-divvy-tripdata.csv | B74: 2023 | C74: F3EC5FCE5FF39DE9 | D74: electric_bike | E74: 2023-02-15 13:53:48 | F74: 2023-02-15 13:59:08 | G74: Clarendon Ave & Gordon Ter | H74: 13379 | I74: Sheridan Rd & Lawrence Ave | J74: TA1309000041 | K74: 41.957879 | L74: -87.649584 | M74: 41.969517 | N74: -87.654691 | O74: casual
A75: 202303-divvy-tripdata.csv | B75: 2023 | C75: F984267A75B99A8C | D75: electric_bike | E75: 2023-03-04 14:07:06 | F75: 2023-03-04 14:15:31 | G75: Public Rack - Kedzie Ave & Argyle St | H75: 491 | K75: 41.97 | L75: -87.71 | M75: 41.95 | N75: -87.71 | O75: member
A76: 202304-divvy-tripdata.csv | B76: 2023 | C76: 34E4ED3ADF1D821B | D76: electric_bike | E76: 2023-04-19 11:29:02 | F76: 2023-04-19 11:52:12 | K76: 41.87 | L76: -87.65 | M76: 41.93 | N76: -87.68 | O76: member
A77: 202305-divvy-tripdata.csv | B77: 2023 | C77: 92485E5FB5888ACD | D77: electric_bike | E77: 2023-05-06 18:54:08 | F77: 2023-05-06 19:03:35 | G77: Southport Ave & Belmont Ave | H77: 13229 | K77: 41.939482 | L77: -87.663848 | M77: 41.94 | N77: -87.69 | O77: member
A78: 202306-divvy-tripdata.csv | B78: 2023 | C78: 622A1686D64948EB | D78: electric_bike | E78: 2023-06-05 01:30:22 | F78: 2023-06-05 01:33:06 | K78: 41.94 | L78: -87.65 | M78: 41.94 | N78: -87.65 | O78: member
A79: 202307-divvy-tripdata.csv | B79: 2023 | C79: D1460EE3CE0D8AF8 | D79: classic_bike | E79: 2023-07-23 17:05:07 | F79: 2023-07-23 17:18:37 | G79: Western Ave & Walton St | H79: KA1504000103 | I79: Milwaukee Ave & Grand Ave | J79: 13033 | K79: 41.898418 | L79: -87.686596 | M79: 41.891578 | N79: -87.648384 | O79: member
A80: 202308-divvy-tripdata.csv | B80: 2023 | C80: F2FB18A98E110A2B | D80: electric_bike | E80: 2023-08-18 15:30:18 | F80: 2023-08-18 15:45:25 | G80: Clark St & Randolph St | H80: TA1305000030 | K80: 41.884511 | L80: -87.63155 | M80: 41.93 | N80: -87.64 | O80: member
A81: 202309-divvy-tripdata.csv | B81: 2023 | C81: 87DB80E048A1BF9F | D81: classic_bike | E81: 2023-09-02 09:26:43 | F81: 2023-09-02 09:38:19 | G81: Clark St & Drummond Pl | H81: TA1307000142 | I81: Racine Ave & Fullerton Ave | J81: TA1306000026 | K81: 41.931248 | L81: -87.644336 | M81: 41.925566 | N81: -87.658416 | O81: member
A82: 202310-divvy-tripdata.csv | B82: 2023 | C82: 9CF060543CA7B439 | D82: electric_bike | E82: 2023-10-11 17:23:59 | F82: 2023-10-11 17:36:08 | G82: Desplaines St & Kinzie St | H82: TA1306000003 | I82: Sheffield Ave & Webster Ave | J82: TA1309000033 | K82: 41.888641 | L82: -87.644415 | M82: 41.92154 | N82: -87.653818 | O82: member
A83: 202311-divvy-tripdata.csv | B83: 2023 | C83: 6322270563BF5470 | D83: electric_bike | E83: 2023-11-03 09:44:02 | F83: 2023-11-03 10:17:15 | G83: Broadway & Sheridan Rd | H83: 13323 | I83: Broadway & Sheridan Rd | J83: 13323 | K83: 41.952868 | L83: -87.650035 | M83: 41.952833 | N83: -87.649993 | O83: member
A84: 202312-divvy-tripdata.csv | B84: 2023 | C84: CDBD92F067FA620E | D84: electric_bike | E84: 2023-12-02 18:48:19 | F84: 2023-12-02 18:54:48 | K84: 41.92 | L84: -87.66 | M84: 41.89 | N84: -87.64 | O84: member
A85: 202401-divvy-tripdata.csv | B85: 2024 | C85: EECD38BDB25BFCB0 | D85: electric_bike | E85: 2024-01-08 15:45:46 | F85: 2024-01-08 15:52:59 | G85: Wells St & Elm St | H85: KA1504000135 | I85: Kingsbury St & Kinzie St | J85: KA1503000043 | K85: 41.902937 | L85: -87.63444 | M85: 41.889177 | N85: -87.638506 | O85: member
A86: 202402-divvy-tripdata.csv | B86: 2024 | C86: 7FB986AD5D3DE9D6 | D86: classic_bike | E86: 2024-02-05 21:10:06 | F86: 2024-02-05 21:15:44 | G86: Michigan Ave & Washington St | H86: 13001 | I86: Wabash Ave & Grand Ave | J86: TA1307000117 | K86: 41.883984 | L86: -87.624684 | M86: 41.891466 | N86: -87.626761 | O86: member
A87: 202403-divvy-tripdata.csv | B87: 2024 | C87: 9991629435C5E20E | D87: electric_bike | E87: 2024-03-06 17:15:14 | F87: 2024-03-06 17:16:04 | K87: 41.91 | L87: -87.64 | M87: 41.91 | N87: -87.64 | O87: member
A88: 202404-divvy-tripdata.csv | B88: 2024 | C88: BE90D33D2240C614 | D88: electric_bike | E88: 2024-04-11 06:19:24 | F88: 2024-04-11 06:22:21 | G88: Aberdeen St & Jackson Blvd | H88: 13157 | I88: Desplaines St & Jackson Blvd | J88: 15539 | K88: 41.877722 | L88: -87.654959 | M88: 41.878119 | N88: -87.643948 | O88: member
A89: 202405-divvy-tripdata.csv | B89: 2024 | C89: 02EC47687411416F | D89: classic_bike | E89: 2024-05-14 15:11:51 | F89: 2024-05-14 15:22:00 | G89: Sheridan Rd & Greenleaf Ave | H89: KA1504000159 | I89: Sheridan Rd & Loyola Ave | J89: RP-009 | K89: 42.010587 | L89: -87.662412 | M89: 42.001044 | N89: -87.661198 | O89: casual
A90: 202406-divvy-tripdata.csv | B90: 2024 | C90: 462B48CD292B6A18 | D90: electric_bike | E90: 2024-06-11 17:19:21.567 | F90: 2024-06-11 17:19:36.377 | K90: 41.89 | L90: -87.65 | M90: 41.89 | N90: -87.65 | O90: casual
A91: 202407-divvy-tripdata.csv | B91: 2024 | C91: B2176315168A47CE | D91: electric_bike | E91: 2024-07-11 15:45:07.851 | F91: 2024-07-11 16:06:04.243 | K91: 41.79 | L91: -87.6 | M91: 41.8 | N91: -87.59 | O91: casual
A92: 202408-divvy-tripdata.csv | B92: 2024 | C92: 8752245932EFF67A | D92: electric_bike | E92: 2024-08-02 15:33:13.965 | F92: 2024-08-02 15:55:23.865 | G92: Franklin St & Monroe St | H92: TA1309000007 | I92: Damen Ave & Cortland St | J92: 13133 | K92: 41.880317 | L92: -87.635185 | M92: 41.915983 | N92: -87.677335 | O92: member
A93: 202409-divvy-tripdata.csv | B93: 2024 | C93: 67CB39987F4E895B | D93: electric_bike | E93: 2024-09-26 15:31:32.529 | F93: 2024-09-26 15:53:13.501 | K93: 41.91 | L93: -87.63 | M93: 41.91 | N93: -87.63 | O93: member
A94: 202410-divvy-tripdata.csv | B94: 2024 | C94: 19DB722B44CBE82F | D94: electric_bike | E94: 2024-10-13 19:33:38.926 | F94: 2024-10-13 19:39:04.490 | K94: 41.98 | L94: -87.67 | M94: 41.97 | N94: -87.66 | O94: member
A95: 202411-divvy-tripdata.csv | B95: 2024 | C95: 78B141C50102ABA6 | D95: classic_bike | E95: 2024-11-22 14:49:00.431 | F95: 2024-11-22 14:56:15.475 | G95: Walsh Park | H95: 18067 | I95: Leavitt St & Armitage Ave | J95: TA1309000029 | K95: 41.91461 | L95: -87.667968 | M95: 41.917805 | N95: -87.682437 | O95: member
A96: 202412-divvy-tripdata.csv | B96: 2024 | C96: C0913EEB2834E7A2 | D96: classic_bike | E96: 2024-12-21 18:41:26.478 | F96: 2024-12-21 18:47:33.871 | G96: Clark St & Wellington Ave | H96: TA1307000136 | I96: Halsted St & Roscoe St | J96: TA1309000025 | K96: 41.936497 | L96: -87.647539 | M96: 41.943632 | N96: -87.649083 | O96: member
A97: 202501-divvy-tripdata.csv | B97: 2025 | C97: FB27405C3F8C824F | D97: classic_bike | E97: 2026-01-15 14:25:42.526 | F97: 2026-01-15 14:33:18.854 | G97: Shore Dr & 55th St | H97: CHI00394 | I97: Woodlawn Ave & 55th St | J97: CHI00423 | K97: 41.795212 | L97: -87.580715 | M97: 41.795264 | N97: -87.596471 | O97: casual
A98: 202501-divvy-tripdata.csv | B98: 2025 | C98: 013609308856B7FC | D98: electric_bike | E98: 2025-01-11 15:44:06.795 | F98: 2025-01-11 15:49:11.139 | G98: Halsted St & Wrightwood Ave | H98: TA1309000061 | I98: Racine Ave & Belmont Ave | J98: TA1308000019 | K98: 41.929147 | L98: -87.649153 | M98: 41.939743 | N98: -87.658865 | O98: member
A99: 202502-divvy-tripdata.csv | B99: 2025 | C99: 303C0906F3F068AE | D99: classic_bike | E99: 2025-02-08 14:55:13.493 | F99: 2025-02-08 15:13:39.890 | G99: Ogden Ave & Race Ave | H99: 13194 | I99: Clark St & Elm St | J99: TA1307000039 | K99: 41.891795 | L99: -87.658751 | M99: 41.902973 | N99: -87.63128 | O99: member
A100: 202503-divvy-tripdata.csv | B100: 2025 | C100: 1CB408029E2B5F74 | D100: electric_bike | E100: 2025-03-24 16:04:22.239 | F100: 2025-03-24 16:27:41.347 | I100: Albany Ave & Bloomingdale Ave | J100: 15655 | K100: 41.86 | L100: -87.68 | M100: 41.914027 | N100: -87.705126 | O100: member
...
